Player,Squad,90s,Passes completed,Passes attempted,Pass completion percentage,Total pass distance,Total progressive distance,Short passes completed,Short passes attempted,Short pass completion percentage,Medium passes completed,Medium passes attempted,Medium pass completion percentage,Long passes completed,Long passes attempted,Long pass completion percentage,Assists,Expected Assist Goals,Expected Assists,Assist overperformance,Key passes,Passes into final third,Passes into penalty box,Crosses into Penalty Area,Progressive passes
Amelia Abbott,Wellington Phoenix,0.5,40,58,69,796,462,10,18,55.6,22,24,91.7,6,14,42.9,0,0,0,0,0,10,0,0,18
Ella Abdul Massih,Perth Glory,4.5,23.1,35.8,64.6,365.6,149.6,11.8,14.7,80.3,9.11,13.8,66.1,1.33,5.11,26.1,0,0.09,0.16,-0.09,0.89,2,0.44,0,3.33
Claire Adams,Newcastle Jets,3.9,17.9,30.5,58.8,284.6,83.6,11.3,15.1,74.6,3.08,6.15,50,2.56,7.18,35.7,0.26,0.1,0.1,0.15,1.54,0.77,0.26,0.26,2.56
Josie Allan,Newcastle Jets,9.4,12.3,20.5,60.1,202,78.5,5.21,8.19,63.6,6.06,9.04,67.1,0.64,1.7,37.5,0.11,0.19,0.14,-0.09,1.6,1.17,1.28,0.43,3.19
Lauren Allan,Newcastle Jets,17.4,17.1,31.1,54.8,294.8,133.9,7.53,11.3,66.8,7.76,13.8,56.3,1.49,3.91,38.2,0.11,0.24,0.25,-0.12,1.49,1.55,1.95,1.03,3.05
Mischa Anderson,Perth Glory,1.3,18.5,30.8,60,337.7,77.7,6.15,9.23,66.7,10.8,14.6,73.7,1.54,4.62,33.3,0,0,0,0,0.77,0.77,0,0,1.54
Liz Anton,Canberra Utd,19,28.1,37.2,75.4,664.6,245.3,5,6.42,77.9,17.2,19.6,87.9,5.68,10.3,55.1,0,0,0.02,0,0.11,2.11,0.11,0,1.89
Alexia Apostolakis,Melb City,21.7,51.8,65.4,79.1,987.7,357.1,17.9,20.9,85.5,28.3,33.5,84.5,5.16,9.22,56,0.14,0.08,0.11,0.06,0.74,2.95,0.37,0.09,3.87
Madison Ayson,Canberra Utd,14,25.9,38,68,587.7,277.9,6.5,8.57,75.8,14,16.8,83.4,5.14,11.4,45,0,0,0.01,0,0.07,3.57,0.29,0,3.14
Melissa Barbieri,Melb City,1.3,28.5,34.6,82.2,673.8,497.7,8.46,8.46,100,13.8,14.6,94.7,6.15,11.5,53.3,0,0,0,0,0,0,0,0,0
Mackenzie Barry,Wellington Phoenix,20.5,35.8,44.4,80.7,713.6,250.3,9.46,11.7,81.2,22.9,26,87.8,3.22,5.66,56.9,0,0,0.01,0,0.24,3.17,0.05,0,3.17
Lorena Baumann,Newcastle Jets,21.2,48.3,69,70,893.1,503,20.4,24.9,82.2,21.8,28.8,75.7,5.52,13,42.4,0.09,0.08,0.13,0.01,1.27,5.05,1.04,0.52,5.66
Amelia Bennett,W Sydney,6.8,33.8,48.5,69.7,599.9,251.3,14.3,17.8,80.2,15.1,20.1,75.2,3.24,7.35,44,0,0.03,0.04,-0.03,0.29,2.5,0.59,0.29,2.65
Tegan Bertolissio,Canberra Utd,13.6,28.1,44.6,62.9,523.9,303.6,12,15.8,75.8,12.2,18.7,65.4,3.68,9.26,39.7,0,0.06,0.04,-0.06,0.44,2.43,0.59,0.15,3.24
Jasmine Black,Sydney FC,5.2,13.7,20.4,67,355.6,262.3,3.08,3.08,100,5.58,5.58,100,4.62,11.3,40.7,0,0,0,0,0,0,0,0,0
Chelsea Blissett,Brisbane Roar,19.5,44.8,59.8,74.8,789.8,399.8,20.6,23.9,86.1,19.3,24.4,79.2,4.31,10.2,42.4,0.21,0.16,0.13,0.04,0.92,3.33,0.36,0.15,3.69
Lourdes Bosch,Melb City,19.5,19.5,29.7,65.8,294.5,114.8,10.4,14.3,72.7,7.18,10.1,71.4,1.08,3.13,34.4,0.46,0.22,0.23,0.25,1.74,1.74,1.08,0.1,2.92
Katie Bowler,Adelaide Utd,3.7,19.7,30.3,65.2,294.3,100,11.4,14.1,80.8,6.49,10,64.9,1.08,4.32,25,0,0.03,0.03,-0.03,0.27,1.08,0.81,0,1.89
Jaya Bowman,Canberra Utd,0.1,10,20,50,90,10,10,10,100,0,0,0,0,10,0,0,0,0,0,0,0,0,0,0
Daisy Brazendale,Wellington Phoenix,10.5,26,33.2,78.2,408,107,12.9,15.7,81.8,11,13.3,82.9,1.05,2.19,47.8,0,0.01,0.03,-0.01,0.38,1.81,0.38,0,2.38
India Breier,Newcastle Jets,5.3,21.5,33.4,64.4,419.2,174.7,8.87,12.3,72.3,8.49,12.6,67.2,3.77,6.98,54.1,0.19,0.4,0.47,-0.21,2.08,1.51,1.51,1.13,2.45
Ava Briedis,Melb Victory,0.5,36,40,90,466,102,28,28,100,8,12,66.7,0,0,0,2,0,0.2,2,2,4,4,0,6
Ischia Brooking,Perth Glory,0.2,25,50,50,265,0,10,30,33.3,10,10,100,0,0,0,0,0,0,0,0,0,0,0,0
Kelli Brown,Perth Glory,11.3,13,21.7,60,233.3,60.4,6.02,8.76,68.7,4.78,7.52,63.5,1.68,3.63,46.3,0.18,0.07,0.06,0.11,0.97,1.06,0.71,0.44,1.59
Faye Bryson,Sydney FC,12.9,29.1,49.9,58.2,495.3,301.1,15,20.4,73.4,10.9,18.6,58.3,2.87,8.6,33.3,0,0.02,0.05,-0.02,0.31,3.18,0.47,0,3.57
Ella Buchanan,W Sydney,16.4,34.2,47.7,71.6,546.2,258.5,17.9,21.2,84.2,14.8,20.4,72.5,1.22,4.88,25,0,0.05,0.04,-0.05,0.3,3.23,0.37,0,3.17
Claudia Bunge,Melb Victory,22,38.6,50.7,76.1,861.5,419.5,7.86,9.32,84.4,24.2,27.5,88.2,6.41,13.3,48.1,0.14,0.07,0.08,0.06,0.32,3.86,0.32,0.09,3.14
Holly Caspers,W Sydney,3,19.7,29.7,66.3,295.7,89.3,10.7,16,66.7,5.67,7.67,73.9,1.67,2.67,62.5,0.33,0.37,0.2,-0.03,1.33,1,0.67,0,1.67
Madeleine Caspers,Sydney FC,16.7,22.5,32.5,69.2,328.7,114.7,13.7,17.5,78.4,6.53,9.58,68.1,1.5,3.05,49,0.18,0.13,0.08,0.05,1.44,1.86,1.14,0,3.65
Amelia Cassar,W Sydney,0.9,14.4,22.2,65,186.7,95.6,11.1,11.1,100,2.22,3.33,66.7,1.11,4.44,25,0,0,0,0,0,3.33,0,0,4.44
Georgia Cassidy,Perth Glory,13.9,28.7,41.1,69.9,613.6,196,9.28,10.9,84.9,14,16.8,83.3,4.96,12.4,39.9,0.07,0.14,0.08,-0.06,1.15,2.45,0.07,0,2.3
Alana Cerne,Western United,8.7,32.8,44,74.4,712,376.2,8.16,10.1,80.7,19.1,22,86.9,5.4,10.6,51.1,0,0.01,0.01,-0.01,0.34,2.99,0.11,0,2.18
Margaux Chauvet,Sydney FC,9.3,25.3,38.3,66,483.3,197.6,9.46,13,72.7,13,16.9,77.1,2.58,6.24,41.4,0,0.02,0.04,-0.02,0.43,3.01,0.54,0,3.55
Amy Chessari,W Sydney,21.3,32.3,41.7,77.5,507.4,153.2,18.1,21.3,85,11.3,13.8,82,2.07,4.65,44.4,0,0.05,0.05,-0.05,0.66,3.19,0.61,0,3.62
Alex Chidiac,Melb Victory,21.3,38.1,46.1,82.6,621.7,153.4,18.1,20.3,89.1,15.8,18.1,87.5,2.54,4.84,52.4,0.19,0.08,0.07,0.11,1.13,4.13,0.75,0.05,5.12
Sofia Christopherson,Canberra Utd,19.8,17.5,30.2,58,308.6,141.9,7.68,10.5,73.1,7.47,13.2,56.7,1.92,4.9,39.2,0.05,0.04,0.04,0.02,0.4,1.21,0.2,0.1,1.57
Claudia Cicco,Newcastle Jets,20.8,33.2,48.9,67.8,637.5,332.5,11.4,15,76.2,18,24.3,73.9,3.37,8.37,40.2,0,0.04,0.05,-0.04,0.29,2.93,0.53,0.34,3.7
Abbey Clarke,Adelaide Utd,0.8,21.3,33.8,63,350,106.3,12.5,16.3,76.9,7.5,11.3,66.7,1.25,3.75,33.3,0,0,0,0,0,2.5,0,0,3.75
Alexis Collins,Newcastle Jets,3.1,10.6,19.7,54.1,119.4,25.2,6.77,9.35,72.4,2.58,6.45,40,0,0.65,0,0,0.03,0.06,-0.03,0.65,0.65,0.32,0,1.61
Emily Condon,Adelaide Utd,17.8,27.4,36.7,74.7,445.6,147.1,13.8,16.2,85.1,10.1,12.1,82.9,2.75,5.9,46.7,0.22,0.26,0.24,-0.03,2.42,2.81,1.35,0.45,4.66
Shea Connors,Sydney FC,9.7,12.6,22.3,56.5,168.7,31.9,6.8,9.9,68.8,4.95,8.25,60,0.1,1.44,7.1,0.21,0.05,0.08,0.15,1.03,0.72,0.41,0,1.03
Libby Copus-Brown,Newcastle Jets,18.9,22.5,34.6,65,377.5,145,10.6,13.7,77.6,8.36,12.2,68.7,2.33,6.3,37,0.16,0.14,0.08,0.02,1.22,2.33,0.9,0.37,4.29
Alana Cortellino,Western United,1.3,12.3,16.2,76.2,237.7,56.2,5.38,6.92,77.8,4.62,6.92,66.7,2.31,2.31,100,0,0,0,0,0.77,0.77,0,0,0.77
Rosie Curtis,Melb Victory,5.7,27.2,40.7,66.8,502.5,255.4,10,12.8,78.1,14,19.6,71.4,2.98,6.67,44.7,0,0.02,0,-0.02,0.18,3.16,0.18,0,2.81
Ruby Cuthbert,Brisbane Roar,0.5,36,46,78.3,710,208,12,14,85.7,18,20,90,6,12,50,0,0,0,0,2,4,2,2,2
Sara D'Appolonia,Melb Victory,19.2,33.3,42.4,78.6,567.3,175.6,14.5,17.1,84.8,15.8,19.4,81.5,2.24,3.7,60.6,0.1,0.05,0.1,0.05,0.83,3.18,0.73,0.16,4.53
Alyssa Dall'Oste,Western United,8,28.6,34.4,83.3,590.4,370.3,8.38,8.5,98.5,15.5,16,96.9,4.38,9.25,47.3,0,0,0,0,0,0.13,0,0,0
Isobel Dalton,Perth Glory,17,28.3,43.9,64.4,472.2,140.2,14.4,18.2,79,10.8,15.1,71.2,2.47,8.18,30.2,0.12,0.1,0.12,0.02,1.06,3.12,0.41,0,3.12
Leah Davidson,Melb City,16.3,27.4,35,78.3,426.7,139.1,14.2,17.7,80.2,11.9,13.9,85.5,0.86,1.66,51.9,0.06,0.06,0.05,0.01,0.92,3.25,0.43,0,4.17
Cassidy Davis,Newcastle Jets,23,30.9,43.3,71.4,554.1,239.6,13.1,16,81.6,13.8,18.2,75.8,3.39,7.04,48.1,0.13,0.13,0.09,0,1.43,3.22,0.7,0.04,4.39
Chelsie Dawber,Adelaide Utd,13.9,22.6,32.3,69.9,324.1,85.3,13,16.4,79.4,7.84,11,71.2,0.86,1.94,44.4,0.29,0.15,0.14,0.14,0.94,1.29,1.08,0.14,3.02
Kiara De Domizio,Western United,4.4,7.5,18.4,40.7,131.8,78.9,3.86,6.36,60.7,2.5,6.82,36.7,1.14,2.27,50,0.45,0.34,0.3,0.11,1.36,0.68,1.36,0.91,1.36
Deborah De La Harpe,Brisbane Roar,20.4,34.8,49.4,70.4,534.2,237.1,19.7,23.2,84.6,12.6,18.2,69.4,1.62,5.69,28.4,0.05,0.1,0.07,-0.05,0.49,2.25,0.69,0.25,3.28
Isabel Dehakiz,Western United,18,32.2,43.6,74,592.2,239.6,11.7,15.1,77.9,16.9,20.6,82.2,2.94,6,49.1,0.06,0.04,0.05,0.02,0.78,4.44,0.5,0,5.67
Sian Dewey,Adelaide Utd,10.6,25.5,34.8,73.2,410.6,122.5,12,14.8,80.9,10.8,14.1,77.2,1.51,4.06,37.2,0,0.02,0.04,-0.02,0.47,2.55,0.47,0.09,3.11
Caitlin Doeglas,Perth Glory,5.3,12.3,19.2,63.7,168.7,25.3,8.49,10.6,80.4,3.02,5.09,59.3,0.38,1.51,25,0,0.02,0.02,-0.02,0.38,0.38,0.19,0.19,1.13
Indiana Dos Santos,Sydney FC,19.6,25.8,39.2,65.7,406.5,152,14.2,17.9,79.4,8.88,12.7,70.2,2.09,5.71,36.6,0.15,0.12,0.14,0.04,1.94,2.81,0.87,0.1,4.18
Jynaya Dos Santos,Canberra Utd,4.6,21.7,33.5,64.9,352.6,108.5,10.7,14.6,73.1,8.48,11.1,76.5,1.3,4.78,27.3,0,0.02,0.04,-0.02,0.87,3.7,0.87,0,4.57
Casey Dumont,Perth Glory,17,21.4,30.8,69.4,542.5,379.9,4.53,4.53,100,10.6,11.3,93.8,6.24,14.8,42.1,0,0,0,0,0,0.18,0,0,0
Emma Dundas,Newcastle Jets,15.8,23.3,32.1,72.6,383,147.2,11.9,14.6,81.4,9.68,12.7,76.1,1.52,3.35,45.3,0,0.01,0.03,-0.01,0.44,3.29,0.51,0.13,4.05
Brianna Edwards,Sydney FC,8.5,15.6,21.4,73.1,375.9,271.4,4.12,4.12,100,7.06,7.41,95.2,4.35,9.76,44.6,0,0,0,0,0,0,0,0,0
Sara Eggesvik,Western United,16,26.9,34.6,77.8,456.4,133.4,11.7,14.5,80.6,13.3,15.8,83.8,1.69,2.81,60,0.06,0.03,0.03,0.04,0.63,3.56,0.25,0.13,3.94
Manaia Elliott,Wellington Phoenix,14.4,21.3,35.7,59.7,353.5,158.9,11.1,16,69.6,7.5,12.3,61,2.08,5.49,38,0.07,0.18,0.15,-0.11,1.74,1.25,1.11,0.69,2.43
Shadeene Evans,Central Coast Mariners,6.8,15.4,26.9,57.4,289.1,96,6.03,9.85,61.2,6.91,11.5,60.3,2.21,3.82,57.7,0.15,0.12,0.09,0.03,0.88,1.76,1.32,0.44,3.24
Millie Farrow,Sydney FC,5.8,18.3,25,73.1,257.4,43.8,11.4,14.5,78.6,5.52,7.41,74.4,0.52,1.03,50,0.17,0.24,0.21,-0.07,1.72,0.52,0.52,0,1.55
Aimee Feinberg-Danieli,Wellington Phoenix,0.5,26,34,76.5,556,432,8,8,100,12,14,85.7,6,12,50,0,0,0,0,0,0,0,0,0
Kirsty Fenton,Sydney FC,0.3,46.7,66.7,70,850,233.3,23.3,33.3,70,16.7,20,83.3,6.67,13.3,50,0,0.67,0.67,-0.67,6.67,3.33,0,0,6.67
Olivia Fergusson,Wellington Phoenix,17.1,7.72,12.2,63.2,96.6,23.2,5.15,7.25,71,2.16,3.27,66.1,0.06,0.23,25,0.12,0.11,0.07,0.01,0.76,0.18,0.23,0,1.05
Gemma Ferris,W Sydney,6.5,26.6,39.1,68.1,523.2,273.7,10,11.1,90.3,13.1,16.2,81,3.38,10.3,32.8,0,0,0.02,0,0.31,2.31,0.15,0,1.54
Nickoletta Flannery,Melb Victory,20.1,18.1,27.8,65.2,278.6,69.9,9.75,13,74.8,6.42,9.8,65.5,1.29,2.59,50,0.1,0.16,0.11,-0.06,1.04,1.04,1.04,0.65,1.89
Isabella Foletta,Perth Glory,5.6,35,56.3,62.2,560.5,352.1,20,24.8,80.6,11.8,18.9,62.3,2.68,9.46,28.3,0.18,0.05,0.04,0.13,1.25,4.29,0.71,0.36,5.36
Tahlia Franco,Sydney FC,5.5,12.2,18,67.7,311.6,224.5,3.64,3.64,100,4.91,5.27,93.1,3.64,9.09,40,0,0,0,0,0,0.36,0,0,0
Laini Freier,Brisbane Roar,14.1,19.3,28.3,68.2,312.1,80.9,10.1,12.9,78,6.95,10,69.5,1.49,3.33,44.7,0.28,0.13,0.11,0.16,1.63,1.91,0.78,0.07,3.12
Sharn Freier,Brisbane Roar,9.4,37.6,47.8,78.6,577.4,145.7,21,23.6,88.7,13.1,17.9,73.2,2.45,3.94,62.2,0.43,0.4,0.33,0.02,2.13,0.96,0.64,0.53,1.6
Tiana Fuller,Central Coast Mariners,7.2,10.8,20.8,52,186.7,78.6,4.31,6.81,63.3,5.14,9.17,56.1,0.97,3.06,31.8,0,0.06,0.14,-0.06,0.69,1.67,0.69,0.56,1.81
Holly Furphy,Melb Victory,5.7,23.3,31.9,73.1,336.8,74.2,14.2,18.1,78.6,6.14,8.6,71.4,1.75,2.46,71.4,0,0.12,0.12,-0.12,1.23,0.88,1.23,0.7,1.75
Bianca Galic,Central Coast Mariners,18.3,27.1,36,75.4,479.7,213.2,11.5,14.2,80.8,12.6,16.2,77.4,2.57,3.99,64.4,0,0.06,0.08,-0.06,0.93,3.33,1.09,0.16,4.1
Ivana Galić,Canberra Utd,0,0,0,0,0,0,0,0,0,0,0,0,0,0,0,0,0,0,0,0,0,0,0,0
Sheridan Gallagher,Newcastle Jets,11.6,17.1,28.5,59.8,293.4,92.9,8.28,11.7,70.6,5.69,9.22,61.7,2.24,4.74,47.3,0,0.16,0.14,-0.16,1.47,1.29,1.21,0.69,1.9
Emily Gielnik,Melb Victory,17.2,16.5,30,55,240.7,61.2,9.13,13.8,66.2,5.35,10.1,52.9,1.05,3.08,34,0.06,0.08,0.13,-0.02,0.7,0.93,1.16,0.35,2.33
Beattie Goad,Melb Victory,7,46.3,64.4,71.8,695.4,323.9,24.9,30.1,82.5,17.9,24.9,71.8,2.14,6,35.7,0.14,0.07,0.06,0.07,1.29,4.57,1.14,0.43,5.71
Isabel Gomez,Central Coast Mariners,11.1,25.3,37.2,68,416.5,155.3,11.7,15.7,74.7,11.8,15.7,75.3,1.44,3.69,39,0.18,0.23,0.09,-0.05,1.8,2.7,0.9,0.09,5.05
Lara Gooch,Newcastle Jets,3.7,7.03,17,41.3,123.2,53.2,3.51,4.59,76.5,2.16,7.3,29.6,1.08,2.43,44.4,0.54,0.16,0.11,0.38,1.08,0.54,1.08,0.54,1.35
Bethany Gordon,Canberra Utd,14.5,20.7,28.4,72.8,386,137.1,7.1,9.45,75.2,10.5,13,80.9,2.34,4.34,54,0.07,0.06,0.05,0.01,0.83,2.83,0.55,0.07,2.76
Miley Grigg,Adelaide Utd,0.9,32.2,50,64.4,535.6,182.2,15.6,20,77.8,13.3,23.3,57.1,2.22,3.33,66.7,0,0.11,0.44,-0.11,3.33,2.22,3.33,2.22,3.33
Sasha Grove,Western United,23,37.3,55.1,67.6,624.7,280.9,18,23.3,77.4,16.3,24,68.2,2.61,5.7,45.8,0.04,0.03,0.04,0.01,0.78,3.39,0.7,0.22,4.04
Aimee Hall,W Sydney,1.5,18.7,24,77.8,446,366,5.33,5.33,100,8.67,8.67,100,4.67,10,46.7,0,0,0,0,0,0,0,0,0
Milan Hammond,Newcastle Jets,1.2,16.7,31.7,52.6,262.5,106.7,10,10.8,92.3,5,11.7,42.9,1.67,7.5,22.2,0,0,0,0,0.83,2.5,0,0,0.83
Ena Harada,W Sydney,18.3,32.9,43.8,75.2,532.6,225.1,16.6,20.2,82.2,12.7,16,79.8,2.51,5.14,48.9,0,0.03,0.04,-0.03,0.77,4.92,0.38,0.11,4.37
Sophie Harding,W Sydney,12.8,13.9,22.9,60.8,221.2,41.6,7.34,10.7,68.6,4.84,7.73,62.6,1.17,2.11,55.6,0.08,0.12,0.06,-0.04,1.02,0.55,0.78,0.23,1.56
Amy Harrison,W Sydney,22.6,34.4,47.6,72.4,742,421.5,9.96,11.7,84.9,18.2,21.7,83.7,5.93,13.2,44.8,0.04,0.04,0.06,0.01,0.53,3.05,0.22,0.09,2.43
Kathryn Harvey,Melb City,7.3,14.9,23.4,63.7,227.1,46.4,6.58,10,65.8,6.71,8.49,79,0.68,2.47,27.8,0.14,0.29,0.11,-0.15,1.37,0.55,1.37,0.82,1.1
Mackenzie Hawkesby,Sydney FC,18.6,22,34.4,63.9,362.7,139.7,10.9,14.5,75.5,8.28,11.8,70,2.04,5.11,40,0.11,0.17,0.16,-0.06,1.77,2.04,0.86,0.11,3.66
Momo Hayashi,Brisbane Roar,15.7,39.1,54.1,72.3,743.8,358.4,16.1,19.8,81.4,16.7,21.1,79.2,5.35,11.1,48.3,0.13,0.17,0.11,-0.04,1.46,6.31,0.57,0.13,6.62
Paige Hayward,W Sydney,5,36.6,56.6,64.7,540.4,293.4,21.8,27.6,79,13.2,21.8,60.6,0.8,4.2,19,0,0,0.02,0,0.2,2.6,0,0,3.6
Erin Healy,Adelaide Utd,14,27.1,40.8,66.5,413.9,136.9,14.4,19.2,74.7,9.29,13.9,66.7,1.86,3.29,56.5,0.14,0.14,0.14,0,2,2.79,1.57,0.21,5.21
Mariel Hecher,Brisbane Roar,8.3,29.9,41.3,72.3,415.9,119.8,16.7,20.7,80.8,10.6,13.5,78.6,0.6,2.89,20.8,0.24,0.14,0.14,0.1,2.41,2.05,1.2,0.36,4.46
Bryleeh Henry,Melb City,11.6,34.1,44.7,76.1,548.8,135.3,16.6,20.3,81.4,14.5,18.4,78.9,1.81,2.5,72.4,0.09,0.13,0.15,-0.04,1.21,1.72,0.95,0.09,3.28
Michelle Heyman,Canberra Utd,17.6,16.8,24.5,68.3,237.8,43.8,9.94,13.4,74.5,5,7.5,66.7,0.91,1.59,57.1,0.11,0.11,0.05,0,1.31,0.91,0.63,0.11,1.7
Keiwa Hieda,Western United,8.3,17,27.7,61.3,248.4,90,9.4,12.5,75,6.02,9.64,62.5,0.72,2.17,33.3,0,0.07,0.02,-0.07,1.08,2.41,0.48,0,3.49
Sophie Hoban,Newcastle Jets,20.4,20.8,32.7,63.6,352.1,135,10.5,14.7,71.7,7.94,11.4,69.5,1.96,4.26,46,0.1,0.21,0.14,-0.11,1.42,2.79,1.27,0.25,4.8
Emily Hodgson,Adelaide Utd,21.3,33,48.3,68.3,533.8,271.1,16.9,20.1,83.7,13.8,20,69.2,1.88,5.82,32.3,0.09,0.07,0.05,0.03,0.85,2.25,0.89,0.33,2.96
Isabel Hodgson,Adelaide Utd,1.1,18.2,22.7,80,236.4,74.5,10.9,11.8,92.3,3.64,4.55,80,1.82,4.55,40,0,0,0.09,0,0,0.91,0.91,0.91,0.91
Gabby Hollar,Perth Glory,10.7,13.6,21,64.9,196.4,38.9,8.04,10.8,74.1,4.3,6.07,70.8,0.65,1.78,36.8,0.19,0.07,0.04,0.11,0.84,1.12,0.28,0,1.68
Shay Hollman,Sydney FC,9.7,30.8,44.2,69.7,527.3,216.8,15.5,20.2,76.5,12.3,16.7,73.5,2.68,5.77,46.4,0.21,0.09,0.06,0.11,0.93,5.77,0.52,0.31,5.98
Dylan Holmes,Adelaide Utd,7.3,30.5,45.1,67.8,488.2,173.7,16.8,20.7,81.5,9.59,14,68.6,2.6,6.85,38,0.55,0.15,0.08,0.4,2.05,2.74,0.27,0,2.88
Isabela Hoyos,Brisbane Roar,7.4,30.5,39.3,77.7,576.1,245.1,10.5,12,87.6,17.2,20.7,83,2.7,5.68,47.6,0,0,0,0,0,0.95,0,0,1.35
Blake Hughes,Central Coast Mariners,1.1,27.3,44.5,61.2,620,390.9,6.36,8.18,77.8,14.5,20.9,69.6,6.36,13.6,46.7,0,0,0,0,0.91,2.73,0.91,0.91,2.73
Laura Hughes,Melb City,22.8,37.9,46.4,81.7,627.8,191.9,16.6,19.3,85.9,18.3,20.6,88.9,1.89,3.25,58.1,0.04,0.05,0.04,0,0.35,4.04,0.88,0,5.26
Sandra Ibargüen,Western United,2.2,13.2,18.6,70.7,166.8,50.9,10,11.8,84.6,1.36,3.18,42.9,1.36,1.82,75,0,0.14,0.05,-0.14,1.82,0.91,0,0,2.27
Princess Ibini-Isei,Sydney FC,18,19.7,30.7,64.1,294.5,79.8,11.4,15.2,75.5,6.11,9.06,67.5,1.17,3.06,38.2,0,0.08,0.06,-0.08,0.89,1.56,0.39,0,2.5
Olivia Ingham,Wellington Phoenix,1.7,22.9,37.1,61.9,296.5,58.2,16.5,22.4,73.7,5.88,9.41,62.5,0,1.18,0,0,0.06,0.06,-0.06,1.18,2.35,0,0,4.12
Ashley Irwin,Central Coast Mariners,7.4,38,45.4,83.6,723.6,322.7,10.5,12.3,85.7,24.9,26.9,92.5,2.43,5.68,42.9,0,0,0,0,0.14,2.03,0,0,2.97
Tiana Jaber,Wellington Phoenix,19.8,35,47.7,73.4,670.6,299.5,12.5,15.4,81.6,19,23.2,81.9,3.43,8.23,41.7,0,0.03,0.02,-0.03,0.25,3.74,0.35,0.2,3.79
Deven Jackson,Newcastle Jets,16,17.9,27.7,64.6,274.9,84.1,9.63,13,74,6.94,10.3,67.7,1,2.75,36.4,0,0.08,0.04,-0.08,0.88,1.63,0.81,0,3.69
Grace Jale,Wellington Phoenix,18.6,28.3,41.7,67.9,445.6,163.2,15.4,19.9,77.3,9.03,13.4,67.5,2.63,5.48,48,0.05,0.15,0.1,-0.1,1.72,3.33,0.7,0.27,4.95
Sally James,Canberra Utd,22.9,25.1,37.9,66.2,762.2,590,2.36,2.4,98.2,11.6,12.3,94.3,11,23.1,47.9,0,0,0,0,0,0.52,0,0,0
Alana Jancevski,Melb Victory,18.4,33.9,53,63.9,579.7,286.5,17.3,22.1,78.3,12.3,19,64.8,3.59,8.8,40.7,0.16,0.13,0.14,0.03,1.58,3.59,1.2,0.49,3.97
Claudia Jenkins,Adelaide Utd,22,25.3,40.3,62.7,619.5,411.6,6.32,6.36,99.3,12.1,13.3,90.8,6.82,20.2,33.7,0,0,0,0,0.05,0.45,0,0,0.05
Ela Jerez,Wellington Phoenix,0.5,14,30,46.7,198,8,6,16,37.5,8,14,57.1,0,0,0,0,0,0,0,0,0,0,0,0
Kahli Johnson,Western United,17.3,14.9,24,61.9,225.2,47.9,7.34,10.5,69.8,6.53,9.31,70.2,0.52,1.79,29,0.06,0.16,0.18,-0.1,1.04,1.45,0.58,0.06,2.14
Lucy Johnson,Sydney FC,10.3,26.2,38.5,68,440.6,154.2,12,15.8,76.1,10.3,14.2,72.6,2.91,5.44,53.6,0,0.05,0.07,-0.05,0.87,4.08,1.07,0.19,4.76
Grace Johnston,Perth Glory,20.5,29.6,46.8,63.2,495.1,261.9,14,18.6,74.9,13.1,20,65.5,1.95,5.9,33.1,0.05,0.08,0.04,-0.03,0.78,2.59,0.78,0.24,3.12
Talia Kapetanellis,W Sydney,2.5,24.4,44.8,54.5,384,145.6,12.8,18.4,69.6,6.4,12.8,50,2.8,9.2,30.4,0.4,0.12,0.08,0.28,2.4,2.8,0.8,0.4,2.4
Tiarna Karambasis,Adelaide Utd,4.9,34.7,55.1,63,620.6,251,14.7,20.6,71.3,15.3,23.7,64.7,3.47,7.76,44.7,0,0.04,0.02,-0.04,0.61,2.45,0.2,0.2,3.67
Caitlin Karic,Melb City,0,1,1,100,35,31,0,0,0,0,0,0,1,1,100,0,0,0,0,0,0,0,0,0
Aideen Keane,Canberra Utd,9.3,17.4,26.2,66.4,253.3,71.3,10.6,13.2,80.5,5.05,8.28,61,0.86,2.47,34.8,0.11,0.19,0.17,-0.09,1.18,0.86,0.75,0.11,1.61
Alivia Kelly,Wellington Phoenix,14,34.6,46.6,74.1,674.4,338.2,12.4,15,82.4,18.2,22.6,80.7,3.79,8,47.3,0,0.04,0.03,-0.04,0.5,3.36,0.43,0.21,3.86
Sham Khamis,W Sydney,19.9,25,35.2,71,605.9,456.1,6.53,6.63,98.5,11.3,11.9,94.9,6.98,16.4,42.5,0,0,0,0,0,0.05,0,0,0
Taren King,Central Coast Mariners,0.4,30,37.5,80,850,572.5,0,2.5,0,22.5,25,90,7.5,10,75,0,0,0,0,0,5,0,0,5
Amali Kinsella,Brisbane Roar,0.7,20,40,50,232.9,112.9,15.7,21.4,73.3,4.29,17.1,25,0,1.43,0,0,0,0,0,0,4.29,0,0,1.43
Lara Kirkby,Adelaide Utd,0.5,40,60,66.7,516,88,22,28,78.6,16,20,80,0,6,0,0,0,0,0,0,2,0,0,4
Greta Kraszula,Central Coast Mariners,3.7,37.8,45.4,83.3,594.6,160.5,18.9,20.8,90.9,17.3,21.1,82.1,0.81,1.89,42.9,0,0,0.03,0,0,2.16,0,0,3.78
Zara Kruger,Brisbane Roar,11.8,28,37.8,74,467.7,146.2,12.5,15.3,81.2,12.5,16,77.8,2.37,3.81,62.2,0.17,0.04,0.07,0.13,0.68,2.54,0.51,0.25,4.41
Danielle Krzyzaniak,Newcastle Jets,14.9,25.4,40.3,62.9,638.9,502.9,7.99,8.26,96.7,9.53,11.1,86.1,7.58,20.6,36.8,0,0,0,0,0.07,0.74,0,0,0.07
Grace Kuilamu,Brisbane Roar,9.6,15.5,24.3,63.9,198.4,37.7,10.5,13.8,76.5,3.96,6.46,61.3,0.31,1.67,18.8,0.21,0.14,0.11,0.07,1.25,0.63,0.94,0,1.98
Rebecca Lake,Wellington Phoenix,1.9,45.3,55.3,81.9,889.5,397.4,10,13.2,76,31.1,33.7,92.2,4.21,6.84,61.5,0,0,0,0,0,1.05,0,0,4.21
Tanika Lala,Perth Glory,2.2,7.73,11.4,68,128.6,30.5,5,7.27,68.8,1.82,2.27,80,0.91,1.36,66.7,0,0,0.05,0,0.45,0.45,0,0,0.45
Sarah Langman,Central Coast Mariners,23,30.3,42.2,72,808.7,587.5,5.7,5.87,97,13.6,14.5,93.7,10.9,21.5,50.5,0,0,0,0,0,0.13,0,0,0
Abbey Lemon,Sydney FC,13.1,33,54.6,60.4,570.3,345.5,14.7,19.2,76.5,15.1,24.7,61.3,2.67,8.78,30.4,0.15,0.07,0.03,0.08,0.69,3.13,0.53,0.15,4.35
Tamar Levin,Brisbane Roar,5.6,20.9,30.2,69.2,335.2,107.5,10.2,13.4,76,8.39,11.1,75.8,1.25,3.39,36.8,0.18,0.04,0.05,0.14,0.89,2.5,0.54,0.18,3.57
Chloe Lincoln,Western United,15,23.3,36.1,64.7,618.5,460.1,4.6,4.6,100,11.3,12.2,92.3,7.4,19.1,38.7,0,0.01,0,-0.01,0.13,0.27,0,0,0.07
Ella Lincoln,Perth Glory,1.7,17.6,22.9,76.9,249.4,68.2,12.4,14.7,84,3.53,4.71,75,0.59,0.59,100,0,0.06,0.06,-0.06,1.76,1.18,0.59,0,1.18
Maya Lobo,W Sydney,1.8,26.7,52.8,50.5,472.2,198.3,12.2,16.7,73.3,11.7,16.7,70,2.22,15.6,14.3,0,0,0,0,0,2.22,0,0,0.56
Chloe Logarzo,Western United,19.5,15.8,27.1,58.3,287,110.7,6.26,9.64,64.9,7.18,10.2,70.4,1.64,4.31,38.1,0.1,0.13,0.12,-0.03,1.74,2.15,0.87,0.31,3.44
Annalie Longo,Wellington Phoenix,21.7,36.9,48.6,76,635.6,230.7,16.6,18.5,89.6,15.2,18.9,80.2,3.87,8.39,46.2,0.23,0.22,0.22,0.01,2.4,4.61,1.43,0.32,7.24
Rachel Lowe,Melb Victory,22.3,18,23.4,76.8,270.5,67.7,9.55,11.7,81.9,7.04,8.61,81.8,0.76,1.48,51.5,0.22,0.12,0.08,0.1,1.35,1.57,0.85,0.04,3.41
Hana Lowry,Sydney FC,3.5,30,44,68.2,509.1,162.3,13.4,16,83.9,11.4,14.9,76.9,3.43,10.9,31.6,0,0.17,0.17,-0.17,1.43,1.71,0.86,0,3.14
Amber Luchtmeijer,Sydney FC,3.2,14.4,23.8,60.5,180.9,67.2,10.9,15,72.9,2.81,5,56.3,0.31,0.94,33.3,0,0.06,0.13,-0.06,0.94,1.25,0.63,0.31,2.81
Grace Maher,Western United,22.7,41.5,58.1,71.4,912.5,506.1,11,13.3,82.7,23,28,81.9,7.58,15.8,47.9,0.18,0.11,0.11,0.07,1.01,4.32,0.53,0.22,4.01
Emma Main,Wellington Phoenix,12.6,16,29,55.2,218.1,74,10.4,15.7,66.2,4.21,8.65,48.6,0.71,2.54,28.1,0.08,0.14,0.11,-0.06,0.79,0.95,1.19,0.56,2.86
Coco Majstorovic,Canberra Utd,0.1,10,50,20,270,220,0,0,0,10,10,100,0,40,0,0,0,0,0,0,0,0,0,0
Darcey Malone,Canberra Utd,18.1,25.1,34,74,430.8,132.9,10.8,13.8,78.7,11.3,14,80.6,2.15,4.14,52,0.06,0.06,0.07,0,0.83,2.27,0.99,0.11,3.59
Maja Markovski,Canberra Utd,16.9,20.3,31.3,64.8,316.2,110.1,10.8,14.3,75.5,7.16,10.7,66.9,1.48,3.49,42.4,0.06,0.14,0.09,-0.08,0.59,2.01,0.83,0.18,3.91
Lucía Marte,Adelaide Utd,20.6,31.7,49.4,64.1,484.2,275,17.8,23.6,75.4,11.4,18.2,62.6,1.8,4.51,39.8,0.15,0.2,0.16,-0.05,1.8,3.11,1.46,0.53,4.17
Annabel Martin,Central Coast Mariners,22.9,35.9,54.5,66,695.2,346.4,13.1,17.9,73.2,18.4,25.5,72.2,4.24,9.83,43.1,0,0.09,0.09,-0.09,1.27,3.36,0.74,0.39,3.62
Bethany Mason-Jones,Sydney FC,3.8,13.2,18.7,70.4,232.9,143.2,6.05,6.32,95.8,6.05,6.84,88.5,1.05,5.53,19,0,0,0,0,0,0,0,0,0
Danika Matos,W Sydney,23,34.5,52.9,65.3,591.3,264.7,16.7,21.2,79.1,14.6,22.5,64.8,2.74,7.78,35.2,0.13,0.09,0.1,0.04,0.91,2.3,0.57,0.26,3.22
Madison McComasky,W Sydney,11.2,35.1,46.3,75.9,630.4,292.8,15,17.1,88,16,20.2,79.2,3.48,7.68,45.3,0,0.06,0.04,-0.06,0.36,2.86,0.18,0.09,2.86
Maya McCutcheon,Wellington Phoenix,22.6,27.8,38.8,71.7,479.3,190.5,11.7,15.6,74.8,13.8,16.8,82.3,1.77,4.47,39.6,0.09,0.03,0.04,0.06,0.58,3.5,0.49,0.04,3.98
Leticia McKenna,Melb City,18.3,28.5,38.6,73.8,505,143.7,11.4,14.4,79.2,13.7,17,80.7,2.57,4.48,57.3,0.27,0.15,0.11,0.12,1.04,3.88,1.2,0.22,5.08
Tijan McKenna,Perth Glory,18.7,33.6,49.3,68.3,631.1,237.9,13.5,17.3,78,15.9,21.7,73.2,3.8,8.13,46.7,0,0.03,0.03,-0.03,0.7,2.94,0.21,0.05,2.99
Alex McKenzie,Canberra Utd,11.6,23.2,35.7,65,465.6,212.5,7.5,10.3,72.5,12.2,16.5,73.8,3.28,8.02,40.9,0,0.03,0.05,-0.03,0.17,1.9,0.43,0.26,2.33
Lily McMahon,Central Coast Mariners,0.6,28.3,51.7,54.8,470,236.7,11.7,21.7,53.8,15,21.7,69.2,1.67,5,33.3,0,0.17,0,-0.17,3.33,3.33,0,0,10
Shelby McMahon,Melb City,4.3,38.1,48.8,78.1,649.5,189.5,16.3,20.9,77.8,19.8,22.3,88.5,1.86,2.33,80,0,0.07,0.07,-0.07,1.86,3.72,1.4,0,5.58
Zoe McMeeken,Wellington Phoenix,9.6,42.2,64.6,65.3,698.1,377.8,21.3,27.9,76.1,18.2,27,67.6,2.08,7.08,29.4,0.1,0.09,0.13,0.01,0.63,3.65,1.25,0.63,4.79
Ella McMillan,Wellington Phoenix,0.2,25,40,62.5,490,380,20,25,80,0,5,0,5,5,100,0,0,0,0,0,5,0,0,0
Holly McNamara,Melb City,9.6,22.5,33.1,67.9,337.5,68.3,12.1,16.4,73.9,7.92,11.1,71,1.15,1.98,57.9,0.1,0.19,0.19,-0.08,1.67,1.35,0.63,0.1,3.02
Matilda McNamara,Adelaide Utd,21.4,37.7,49.3,76.3,716.3,374.1,14.2,16.7,84.6,19.5,22.9,85.1,3.97,8.88,44.7,0.05,0.05,0.02,0,0.33,2.15,0.14,0.09,2.29
Holly McQueen,Brisbane Roar,21.3,32.2,44.2,72.9,555.6,281.9,15.4,17.8,86.6,13.9,17.6,78.9,2.58,7.42,34.8,0,0.03,0.02,-0.03,0.38,3.66,0.14,0.05,3.1
Aimee Medwin,Western United,15.4,17.3,31.6,54.8,309,151,7.27,10.8,67.1,8.25,13.1,63.2,1.36,5.71,23.9,0.13,0.2,0.09,-0.07,1.43,2.53,0.97,0.45,3.18
Ilona Melegh,Adelaide Utd,1,32,40,80,820,577,5,5,100,18,20,90,9,15,60,0,0,0,0,0,0,0,0,0
Kiera Meyers,Melb City,0.3,26.7,36.7,72.7,400,50,16.7,20,83.3,10,13.3,75,0,0,0,0,0,0,0,0,0,3.33,0,3.33
Abby Middleton,Adelaide Utd,0.3,33.3,60,55.6,486.7,246.7,13.3,20,66.7,20,30,66.7,0,6.67,0,0,0,0,0,0,0,0,0,0
Malena Mieres,Melb City,21.7,32.3,42.8,75.5,748.1,583.8,9.54,9.77,97.6,15.8,16.9,93.2,6.96,15.9,43.6,0,0,0,0,0.05,0.46,0.05,0,0
Claudia Mihocic,Western United,10.2,36.1,48.2,74.8,722.2,335,10.3,12.1,85.4,21.6,25.7,84,4.02,9.02,44.6,0,0.03,0.03,-0.03,0.69,2.84,0.29,0,2.84
Tianah Miro,Canberra Utd,0.2,25,30,83.3,440,215,5,10,50,20,20,100,0,0,0,0,0,0,0,0,0,0,0,0
Sarah Morgan,Adelaide Utd,19.2,32.9,42.3,77.7,525.5,168,17.2,20.7,83.2,13.3,16.1,82.6,1.88,3.8,49.3,0.1,0.06,0.05,0.04,0.73,3.49,0.26,0.1,3.65
Tanaye Morris,Brisbane Roar,2.1,8.57,15.7,54.5,125.7,20.5,3.81,7.14,53.3,2.86,4.76,60,0.48,0.48,100,0,0.14,0.1,-0.14,0.95,0,0.48,0.48,0
Kayla Morrison,Melb Victory,23,48.3,59.1,81.8,1058.6,459.5,11.3,12.7,89,29.5,32.3,91.1,7.43,13.3,56.1,0,0.01,0.02,-0.01,0.3,3.65,0.17,0,3.52
Meleri Mullan,Adelaide Utd,2.6,14.6,30,48.7,258.5,125.8,6.54,11.9,54.8,6.92,13.1,52.9,1.15,3.85,30,0.38,0.19,0.04,0.19,0.77,2.69,0.77,0.38,3.08
Alana Murphy,Melb Victory,19.2,31.6,44.1,71.6,626.9,225.8,11.4,13.8,82.6,14.9,19,78.6,4.84,10,48.4,0.16,0.11,0.13,0.05,0.89,4.69,0.57,0.21,4.32
Emilia Murray,Melb City,0.8,21.3,32.5,65.4,413.8,175,10,16.3,61.5,7.5,11.3,66.7,3.75,3.75,100,0,0,0.25,0,0,6.25,1.25,0,5
Holly Murray,Canberra Utd,6.9,23.6,35.7,66.3,470.7,238.3,7.97,11.3,70.5,11.4,14.5,79,3.62,7.54,48.1,0,0.01,0.03,-0.01,0.29,3.48,0.29,0.14,3.48
Jessika Nash,Central Coast Mariners,23,47.9,58.2,82.3,932.6,411,14.7,16.7,87.5,28.1,31.5,89.2,4.65,8.61,54,0,0.05,0.02,-0.05,0.35,2.48,0.22,0.09,3
Ruby Nathan,Canberra Utd,4.6,14.3,23,62.3,205.4,64.6,8.26,11.7,70.4,5,7.39,67.6,0.65,1.52,42.9,0.22,0.04,0.09,0.17,0.87,1.09,0.65,0,2.61
Brooke Neary,Wellington Phoenix,0.1,30,40,75,1150,1160,0,0,0,10,10,100,20,30,66.7,0,0,0,0,0,0,0,0,0
Courtney Newbon,Melb Victory,23,33.6,42.6,79,837.1,606.7,6,6.04,99.3,20,20.3,98.3,7.52,16,47,0,0,0,0,0.04,0.52,0.04,0,0
Brooke Nunn,Central Coast Mariners,19.1,23.3,35,66.6,385.3,123.8,10.6,14.4,73.8,10.8,14.9,72.9,1.36,3.72,36.6,0.16,0.13,0.08,0.03,1.47,3.4,1.36,0.26,5.71
Sarah O'Donoghue,Perth Glory,10.8,24,33.6,71.3,332,78,15.3,19.2,79.7,6.67,9.35,71.3,0.93,2.59,35.7,0.37,0.19,0.1,0.18,1.57,2.04,0.83,0,3.33
Ella O'Grady,Melb Victory,4.3,13.3,22.3,59.4,177.9,42.6,9.53,11.6,82,3.49,7.21,48.4,0.23,1.4,16.7,0,0.12,0.14,-0.12,1.16,0.47,0.47,0.23,1.4
Taylor Otto,Melb City,23,58.9,64.8,90.9,1080.8,411.6,19.5,21.1,92.4,34.7,37,93.5,4.04,5.39,75,0,0.01,0.03,-0.01,0.26,3.74,0,0,3.83
Hollie Palmer,Perth Glory,2.7,21.9,29.6,73.8,359.6,150,11.9,13,91.4,8.15,11.9,68.8,1.48,3.33,44.4,0,0,0.04,0,0,2.59,1.11,0,2.96
Chrissy Panagaris,Adelaide Utd,0.8,21.3,28.8,73.9,247.5,75,15,18.8,80,5,6.25,80,0,0,0,0,0,0,0,0,3.75,0,0,1.25
Jade Pennock,Central Coast Mariners,22,19.1,29.1,65.6,300.4,95.1,9.64,13.6,70.9,7.5,10.6,70.8,1.23,2.64,46.6,0.09,0.09,0.09,0,1.14,2,0.5,0.09,3.45
Susan Phonsongkham,Perth Glory,3.1,14.2,21.6,65.7,204.2,39.7,7.74,10,77.4,5.48,8.39,65.4,0.32,1.61,20,0,0.19,0.06,-0.19,1.61,0.65,0.65,0,1.61
Laura Pickett,Melb Victory,11.5,34.4,54.8,62.9,636.2,353,13.1,17.2,76.3,17,26.1,65.3,3.74,9.39,39.8,0,0.03,0.03,-0.03,0.26,3.65,0.43,0,3.74
Rhianna Pollicina,Melb City,10.8,26.4,35.2,75,431.6,132.8,12.3,15.6,78.7,10.6,12.7,83.9,2.22,4.44,50,0.56,0.24,0.18,0.31,2.04,3.52,1.2,0.19,4.72
Evdokiya Popadinova,Brisbane Roar,11.8,20.2,26.6,75.8,268.2,56,12.2,14.7,82.8,5.59,7.63,73.3,0.85,1.19,71.4,0,0.07,0.08,-0.07,0.93,1.1,0.68,0.08,1.86
Avaani Prakash,Western United,1.8,23.9,34.4,69.4,470,183.3,8.89,12.2,72.7,9.44,14.4,65.4,5.56,5.56,100,0,0.06,0,-0.06,1.11,7.78,0.56,0,7.22
Olivia Price,W Sydney,14.5,24.1,35.1,68.6,373.3,138.8,12.3,15.8,77.7,8.83,11.9,74.4,1.66,4.55,36.4,0,0.07,0.06,-0.07,0.97,2.34,0.62,0.07,3.24
Emily Pringle,Brisbane Roar,16.2,33.7,48.1,70,477.4,178,21.2,25.7,82.3,11,15.3,72.2,0.74,3.58,20.7,0.12,0.12,0.16,0,0.86,1.42,0.43,0.37,2.22
Natasha Prior,Newcastle Jets,14.2,29.2,37.7,77.4,568.5,227.5,10.1,12,84.2,15.6,18.3,85.4,3.03,6.69,45.3,0.07,0.03,0.04,0.04,0.21,1.69,0.07,0,1.83
Leia Puxty,Central Coast Mariners,3.8,32.1,46.6,68.9,570.8,331.6,14.5,18.9,76.4,14.2,19.2,74,3.16,6.84,46.2,0,0.05,0.03,-0.05,0.26,3.42,0.53,0.26,4.74
Tess Quilligan,Central Coast Mariners,9.9,36.1,44.8,80.4,598.7,190,16.7,19.7,84.6,16.6,19.1,86.8,2.22,3.64,61.1,0,0.03,0.05,-0.03,0.51,3.84,0.71,0,4.34
Annalise Rasmussen,Central Coast Mariners,15.9,13.4,19.4,68.9,211.9,50.8,6.79,8.74,77.7,5.22,7.23,72.2,0.88,1.57,56,0.06,0.09,0.09,-0.03,1.13,1.13,0.88,0,2.26
Taylor Ray,Central Coast Mariners,23,46.7,58.6,79.7,900,396.6,16.1,18.5,87.1,25,29.2,85.6,5,9.7,51.6,0,0.08,0.08,-0.08,1.3,3.87,0.43,0.09,4.43
Keeley Richards,Brisbane Roar,6.7,20,29.1,68.7,483,345.1,5.22,5.22,100,8.06,8.96,90,6.42,14.5,44.3,0,0,0,0,0,0,0,0,0
Brianne Riley,Central Coast Mariners,4.8,28.1,42.5,66.2,486.5,249.8,11.7,14.6,80,12.9,19.4,66.7,2.92,6.46,45.2,0,0,0.04,0,0,2.08,1.25,0.42,2.71
Emily Roach,Western United,5.3,21.7,31.3,69.3,377,139.2,8.87,11.5,77,11.3,14.3,78.9,1.51,3.77,40,0,0.08,0.02,-0.08,0.75,3.58,0.38,0,4.91
Emma Robers,Canberra Utd,21.1,24.9,34.6,71.9,489.3,181.1,9.19,11.6,79.2,11.6,14.5,80.1,3.74,7.44,50.3,0.09,0.1,0.1,-0.01,1,2.61,0.47,0.09,3.22
Morgan Roberts,Perth Glory,1.6,17.5,24.4,71.8,209.4,53.1,10,13.1,76.2,5,6.88,72.7,0,0.63,0,0,0.19,0.06,-0.19,1.88,1.25,0,0,1.88
Tiahna Robertson,Newcastle Jets,8.1,33.7,47.2,71.5,686.5,494.9,13.1,13.2,99.1,14.6,16.3,89.4,5.8,16.8,34.6,0,0,0,0,0,0.25,0.12,0,0
Karly Roestbakken,Melb City,16.8,47.7,62.1,76.8,849.6,369.3,18.8,22.6,82.9,24.4,30.7,79.6,3.69,6.55,56.4,0.06,0.06,0.04,0,0.6,4.29,0.54,0.24,4.94
Isabel Rolley,Newcastle Jets,0.5,8,26,30.8,160,92,4,6,66.7,2,8,25,2,10,20,0,0,0,0,0,2,0,0,2
Sarah Rowe,Central Coast Mariners,13.5,41.9,56.2,74.6,707.4,346.1,18.8,22.7,82.7,19.5,25.9,75.4,2.89,6.15,47,0,0.04,0.04,-0.04,0.37,3.48,0.37,0.3,4.67
Cushla Rue,W Sydney,19.7,23.4,34.7,67.3,353,121,12.9,16.4,78.9,8.17,12.3,66.3,1.42,3.65,38.9,0.05,0.06,0.06,-0.01,0.96,0.91,0.81,0.41,1.42
Sofia Sakalis,Melb Victory,2.2,21.8,32.7,66.7,351.4,110,9.55,11.4,84,8.18,12.7,64.3,2.73,4.55,60,0,0,0.14,0,0,1.82,1.36,0,3.64
Julia Sardo,Western United,16.1,37.6,53.2,70.6,651.2,364.7,16.6,19.6,84.8,17.2,23.4,73.5,3.11,7.89,39.4,0,0.06,0.03,-0.06,0.5,3.79,0.43,0.12,5.09
Nanako Sasaki,Adelaide Utd,7.1,29.6,40.6,72.9,495.6,176.9,14.8,18.3,80.8,11.7,14.8,79,2.39,5.49,43.6,0,0.17,0.14,-0.17,0.7,3.66,0.85,0,5.49
Sienna Saveska,W Sydney,17.2,20.2,34.6,58.3,328.2,134.9,10.4,14.6,71.3,6.1,10.2,59.7,2.21,6.63,33.3,0.17,0.15,0.09,0.03,1.28,2.5,0.81,0.29,3.55
Jessica Seaman,Central Coast Mariners,2.6,37.7,45,83.8,679.6,305.8,11.9,13.1,91.2,24.6,28.1,87.7,1.15,3.85,30,0,0,0,0,0,0,0,0,0.38
Keely Segavcic,W Sydney,1.6,27.5,43.8,62.9,650,439.4,7.5,8.13,92.3,13.8,14.4,95.7,6.25,20,31.3,0,0,0,0,0,0,0,0,0
Olivia Sekany,Brisbane Roar,16.3,15.7,25.2,62.3,394.6,279.6,3.74,3.8,98.4,6.69,7.24,92.4,4.97,13.9,35.8,0,0,0.01,0,0,0.25,0.06,0,0
Lillian Skelly,Canberra Utd,1.4,7.14,19.3,37,114.3,51.4,2.86,9.29,30.8,2.86,4.29,66.7,0.71,5,14.3,0,0.29,0.14,-0.29,0.71,0.71,0,0,1.43
Mariana Speckmaier,Melb City,18.5,17.9,27.2,65.7,270.1,83.4,9.68,12.5,77.5,6.59,9.14,72.2,0.92,3.19,28.8,0.22,0.18,0.12,0.03,1.3,1.35,0.81,0.11,2.32
Anika Stajcic,W Sydney,0.2,30,30,100,490,385,15,15,100,5,5,100,5,5,100,0,0,0,0,0,0,0,0,5
Mary Stanic-Floody,Canberra Utd,14.4,19.9,30,66.2,356.5,129.5,9.31,12.6,73.6,7.85,10.3,75.8,2.29,5.69,40.2,0.21,0.13,0.09,0.08,1.32,1.94,0.63,0,3.89
Rebekah Stott,Melb City,19.3,69,80.3,85.9,1300.9,543.5,24.5,26.3,93.1,36.7,40.5,90.7,7.1,11.8,60.4,0.1,0.08,0.05,0.02,0.83,5.54,0.47,0,4.87
Rubi Sullivan,Sydney FC,1.1,60,77.3,77.6,842.7,401.8,38.2,41.8,91.3,20,27.3,73.3,0.91,5.45,16.7,0,0,0,0,0,6.36,0,0,8.18
Miku Sunaga,Perth Glory,7.9,9.87,17.6,56.1,140.4,54.3,5.57,9.24,60.3,3.16,5.44,58.1,0.38,1.27,30,0,0.05,0.04,-0.05,0.76,1.14,0.25,0.13,1.52
Caley Tallon-Henniker,Sydney FC,10.2,11.3,21,53.7,147.5,57.7,7.06,10.4,67.9,2.94,5.78,50.8,0.49,2.16,22.7,0.1,0.1,0.1,0,0.88,0.39,0.88,0.29,1.86
Danelle Tan,Brisbane Roar,0.5,18,28,64.3,314,98,10,14,71.4,6,10,60,2,2,100,0,0,0,0,0,6,0,0,6
Mebae Tanaka,Wellington Phoenix,7,30.4,44.1,68.9,486,187.4,16.6,20.3,81.7,9.57,14.3,67,3,6,50,0,0.24,0.2,-0.24,2.14,2.86,2.14,1.14,5.29
Adriana Taranto,Western United,11.2,21.7,32.4,66.9,369.4,126.1,11.5,13.8,83.2,7.41,10.9,68,2.5,5.89,42.4,0.09,0.24,0.33,-0.15,2.32,1.43,2.14,0.63,4.55
Melissa Taranto,Western United,14.1,26.1,37.2,70.2,427.7,132.2,12.6,15.2,83.2,11,13.7,80.3,1.91,5.11,37.5,0.07,0.08,0.07,-0.01,1.56,2.62,0.5,0.07,3.76
Natalie Tathem,Perth Glory,19.5,28.1,42.9,65.4,528.7,263.2,11.5,14.8,78.1,12.9,18,71.8,3.33,8.67,38.5,0,0.08,0.07,-0.08,0.87,2.31,0.72,0.1,3.49
Hayley Taylor-Young,Canberra Utd,22.5,22.6,41.3,54.6,475.8,273.5,6.71,10.5,64,11.9,19.9,59.6,3.78,9.47,39.9,0.04,0.03,0.06,0.01,0.36,2.53,0.44,0.27,2.71
Miranda Templeman,Perth Glory,6,23.8,31.2,76.5,529.8,324.5,6.33,6.5,97.4,12.8,13.3,96.3,4.67,11.2,41.8,0,0,0,0,0,0,0,0,0
Naomi Thomas-Chinnama,Perth Glory,22.3,31.3,41.5,75.6,650,311.5,8.43,9.78,86.2,18.9,22.4,84.6,3.95,8.34,47.3,0,0.02,0.01,-0.02,0.22,2.47,0.13,0.09,2.65
Jordan Thompson,Sydney FC,23,27.3,39.9,68.4,549.1,333.2,7.35,9.13,80.5,16.9,20.4,82.7,2.91,9.57,30.5,0,0,0.01,0,0.17,2.26,0,0,2.7
Natalie Tobin,Sydney FC,23,29.1,42.7,68.1,615.3,335.2,7.65,9.91,77.2,16,20.4,78.7,4.87,10.7,45.3,0.09,0.07,0.06,0.01,0.61,2.61,0.35,0.13,2.57
Zoe Tolland,Adelaide Utd,22.6,30.3,42.2,71.9,547.3,249.5,12,15,80.5,15.5,20.2,77,2.52,6.19,40.7,0,0.01,0.01,-0.01,0.31,2.26,0.18,0,2.79
Ella Tonkin,Adelaide Utd,23,41,51.3,80,764.2,369.3,15.8,18.5,85.4,21.5,25.3,84.9,3.57,6.83,52.2,0.04,0.05,0.01,-0.01,0.35,3.48,0.09,0.04,3.57
Bronte Trew,W Sydney,8.8,13.7,21.4,64.4,182.5,38.1,7.84,10.2,76.7,3.64,5.23,69.6,0.57,2.16,26.3,0.11,0.14,0.13,-0.02,1.59,0.45,1.02,0.45,1.59
Peta Trimis,Central Coast Mariners,12.7,12.4,23.1,53.4,204.1,81.4,5.98,9.76,61.3,5.2,8.98,57.9,1.02,2.44,41.9,0.24,0.24,0.14,-0.01,1.34,2.13,0.94,0.24,2.6
Tori Tumeth,Sydney FC,22.1,34.2,54.3,63,657.6,393.3,12.4,16.2,76.8,17.1,26.2,65.2,4.12,9.23,44.6,0,0.03,0.05,-0.03,0.63,4.16,0.86,0.23,4.75
Claudia Valleta,Perth Glory,1.7,29.4,51.2,57.5,545.3,317.6,10,15.3,65.4,15.3,22.4,68.4,3.53,8.82,40,0,0,0,0,0,2.35,0.59,0,2.94
Leia Varley,Brisbane Roar,14.6,37.8,50.8,74.5,764.2,439.8,12.7,15.3,82.6,19.9,24,82.6,5.21,10.9,47.8,0,0.01,0.01,-0.01,0.27,2.26,0.07,0,2.12
Giavanna Vicari,Newcastle Jets,1,7,15,46.7,126,86,2,7,28.6,4,5,80,1,1,100,0,0,0.2,0,0,2,1,1,2
Carolina Vilão,Wellington Phoenix,22.4,22.2,35.2,63.1,650.9,524.9,4.51,4.69,96.2,8.66,9.24,93.7,9.02,21.2,42.6,0.04,0,0,0.04,0.09,0.63,0,0,0
Tyla-Jay Vlajnic,Melb City,9.1,44.1,69.2,63.7,813.3,358.4,18.1,22.4,80.9,20.4,29.3,69.7,4.51,14.2,31.8,0,0.13,0.1,-0.13,1.43,4.07,0.66,0.11,4.95
Charli Wainwright,Perth Glory,9.6,21.1,29.9,70.7,342,110.4,10.7,14.1,76.3,8.54,10.4,82,1.35,3.33,40.6,0,0.02,0.02,-0.02,0.63,3.23,0.42,0,3.54
Chloe Walandouw,Newcastle Jets,2.4,23.3,47.9,48.7,467.9,310.8,10,15,66.7,10,21.7,46.2,3.33,10.8,30.8,0,0,0.08,0,0.83,2.5,0.42,0.42,1.67
Lara Wall,Wellington Phoenix,21.1,36.1,56.5,63.8,567.4,315.5,19.5,24.7,78.9,14.3,23.3,61.2,1.56,5.5,28.4,0.05,0.13,0.11,-0.08,1.04,2.65,1.04,0.9,3.93
Alyssa Whinham,Wellington Phoenix,15.7,28.9,39.7,72.9,416.4,166.3,15.7,19.4,80.9,10.3,14.1,72.9,1.15,2.48,46.2,0.06,0.13,0.18,-0.07,1.85,3.63,1.59,0.06,6.82
Ellie Wilson,Melb Victory,10,37.1,53.1,69.9,659.5,305.4,17,21,81,17.2,23.4,73.5,2.6,6.7,38.8,0,0.05,0.03,-0.05,0.6,3.3,0.3,0.3,4
Josephine Wilson,Newcastle Jets,17.4,32.9,45.4,72.4,574,282.4,14.3,17.6,81.1,16.1,20.9,77.1,2.24,5.92,37.9,0.11,0.06,0.05,0.06,0.46,2.53,0.23,0.11,3.28
Alicia Woods,Brisbane Roar,21,34.3,47.9,71.6,620.5,207,15.3,19.4,79.1,14.3,18.7,76.5,3.9,7.29,53.6,0.05,0.08,0.08,-0.03,1.38,3.76,0.76,0.05,4.9
Fiona Worts,Adelaide Utd,14.7,20.1,29.9,67,315.2,94.8,10.8,13.3,81.1,7.41,10.7,69,1.29,3.27,39.6,0.14,0.17,0.12,-0.03,1.9,1.77,1.5,0.07,3.74
Megan Wynne,Perth Glory,16.9,21.6,35.1,61.6,331.7,122.1,13,16.2,80.2,7.34,13.3,55.4,0.89,2.84,31.3,0,0.11,0.08,-0.11,1.18,1.54,1.24,0.53,2.72
Tameka Yallop,Brisbane Roar,18.8,27.6,40,69,504.3,167.3,12.2,15.1,81.3,11.3,14.8,76,3.3,8.09,40.8,0.05,0.15,0.13,-0.1,1.86,3.56,1.12,0.43,5.48
Jessica Young,Melb Victory,0.4,20,22.5,88.9,352.5,85,7.5,7.5,100,12.5,12.5,100,0,0,0,2.5,0.25,0,2.25,5,5,2.5,0,7.5
Talia Younis,W Sydney,16.5,26,37,70.2,370.8,114.8,15.6,18.5,84,7.7,11.1,69.4,1.45,4.36,33.3,0.12,0.1,0.1,0.02,1.03,2.42,0.73,0.36,3.52
Catherine Zimmerman,Western United,14.3,22.3,31.3,71.4,352.1,112.4,12.2,15,80.9,8.11,11,73.9,1.54,3.29,46.8,0.28,0.28,0.12,0,1.89,2.03,1.19,0.49,3.64
Salome Zogg,Perth Glory,20.6,31.6,42.9,73.6,646.8,332.3,8.3,10.4,79.9,18.9,22.3,84.8,4.08,8.88,45.9,0,0,0,0,0.1,2.62,0.05,0.05,2.48
Paige Zois,Melb Victory,0.1,10,20,50,280,120,0,0,0,10,20,50,0,0,0,0,0,0,0,0,0,0,0,0
