Player,Nation,Pos,Squad,Age,Born,Contract expiry,Matches played,Minutes played,Minutes per match,Mins played %,90s,Starts,Minutes per start,Complete matches played,Subs appearances,Minutes per sub appearances,Unused sub
Amelia Abbott,NZL,"DF,FW",Wellington Phoenix,23,2001,2025,4,45,11,2.2,0.5,0,0,0,4,11,1
Ella Abdul Massih,AUS,"MF,DF",Perth Glory,18,2006,2026,13,407,31,19.7,4.5,3,58,0,10,23,0
Isabella Accardo,AUS,MF,Melb City,18,2005,2025,0,0,0,0,0,0,0,0,0,0,2
Claire Adams,AUS,"MF,FW",Newcastle Jets,17,2006,2025,16,354,22,17.1,3.9,2,66,0,14,16,0
Josie Allan,AUS,"FW,MF",Newcastle Jets,18,2006,2027,15,849,57,41,9.4,10,70,3,5,31,0
Lauren Allan,AUS,"MF,DF",Newcastle Jets,27,1996,2025,21,1568,75,75.7,17.4,17,86,9,4,28,0
Mischa Anderson,AUS,"FW,MF",Perth Glory,18,2005,2026,10,119,12,5.7,1.3,0,0,0,10,12,0
Elizabeth Anton,NZL,DF,Canberra Utd,25,1998,2025,19,1710,90,82.6,19,19,90,19,0,0,0
Alexia Apostolakis,AUS,DF,Melb City,18,2006,2026,23,1957,85,94.5,21.7,22,87,16,1,34,0
Madison Ayson,PHI,DF,Canberra Utd,24,2001,2025,14,1257,90,60.7,14,14,90,13,0,0,1
Melissa Barbieri,AUS,GK,Melb City,44,1980,2025,3,115,38,5.6,1.3,1,90,1,2,13,20
Mackenzie Barry,NZL,DF,Wellington Phoenix,23,2001,2026,21,1845,88,89.1,20.5,21,88,20,0,0,0
Lorena Baumann,SUI,DF,Newcastle Jets,27,1997,2025,22,1910,87,92.3,21.2,22,87,19,0,0,0
Amelia Bennett,AUS,"DF,MF",W Sydney,16,2008,2026,16,615,38,29.7,6.8,6,72,3,10,18,4
Tegan Bertolissio,AUS,"DF,MF",Canberra Utd,17,2006,2026,21,1223,58,59.1,13.6,14,77,9,7,21,0
Jasmine Black,AUS,GK,Sydney FC,18,2006,2025,6,469,78,22.7,5.2,5,90,5,1,19,3
Chelsea Blissett,AUS,DF,Brisbane Roar,24,2000,2025,20,1755,88,84.8,19.5,20,88,17,0,0,0
Ally Boertje,AUS,GK,Newcastle Jets,21,2003,2025,0,0,0,0,0,0,0,0,0,0,6
Lourdes Bosch,MEX,"MF,FW",Melb City,22,2001,2025,22,1753,80,84.7,19.5,20,84,11,2,36,0
Katie Bowler,AUS,"MF,DF",Adelaide Utd,21,2002,2026,11,330,30,15.9,3.7,2,69,0,9,21,0
Jaya Bowman,AUS,MF,Canberra Utd,17,2006,2025,1,7,7,0.3,0.1,0,0,0,1,7,0
Daisy Brazendale,NZL,"MF,DF",Wellington Phoenix,18,2006,2026,18,947,53,45.7,10.5,11,71,3,7,23,5
India Breier,AUS,"FW,MF",Newcastle Jets,18,2006,2026,13,477,37,23,5.3,6,64,0,7,14,4
Ava Briedis,AUS,"FW,MF",Melb Victory,18,2006,2025,6,47,8,2.3,0.5,0,0,0,6,8,3
Ischia Brooking,AUS,MF,Perth Glory,15,2008,2025,2,19,10,0.9,0.2,0,0,0,2,10,1
Kelli Brown,NZL,FW,Perth Glory,23,2001,2025,13,1015,78,49,11.3,11,85,7,2,40,0
Faye Bryson,ENG,"DF,MF",Sydney FC,27,1997,2025,17,1161,68,56.1,12.9,13,83,10,4,21,5
Ella Buchanan,AUS,DF,W Sydney,20,2004,2026,19,1472,77,71.1,16.4,18,80,11,1,31,0
Claudia Bunge,NZL,DF,Melb Victory,24,1999,2025,22,1980,90,95.7,22,22,90,22,0,0,0
Georgia Candy,NZL,GK,Melb Victory,23,2001,2025,0,0,0,0,0,0,0,0,0,0,22
Chloe Carmichael,AUS,GK,Central Coast Mariners,21,2003,2025,0,0,0,0,0,0,0,0,0,0,21
Holly Caspers,AUS,"FW,MF",W Sydney,24,2000,2026,10,270,27,13,3,3,50,0,7,17,0
Madeleine Caspers,AUS,MF,Sydney FC,17,2007,2026,23,1506,65,72.8,16.7,20,71,5,3,27,0
Amelia Cassar,AUS,FW,W Sydney,16,2008,2025,4,82,21,4,0.9,0,0,0,4,21,0
Georgia Cassidy,AUS,MF,Perth Glory,19,2005,2027,16,1248,78,60.3,13.9,16,78,10,0,0,0
Alana Cerne,AUS,DF,Western United,21,2002,2025,11,782,71,37.8,8.7,8,90,8,3,21,2
Margaux Chauvet,AUS,MF,Sydney FC,22,2002,2025,12,841,70,40.6,9.3,9,85,8,3,25,0
Amy Chessari,AUS,MF,W Sydney,20,2004,2026,22,1915,87,92.5,21.3,22,87,17,0,0,0
Alex Chidiac,AUS,MF,Melb Victory,25,1999,2025,22,1919,87,92.7,21.3,22,87,20,0,0,0
Sofia Christopherson,AUS,"DF,FW",Canberra Utd,20,2004,2025,23,1780,77,86,19.8,20,85,14,3,24,0
Claudia Cicco,AUS,DF,Newcastle Jets,19,2004,2026,21,1876,89,90.6,20.8,21,89,20,0,0,0
Abby Clarke,ENG,"FW,MF",Adelaide Utd,20,2004,2025,3,70,23,3.4,0.8,0,0,0,3,23,0
Alexis Collins,AUS,FW,Newcastle Jets,16,2008,2025,8,275,34,13.3,3.1,3,67,0,5,15,1
Emily Condon,AUS,"MF,FW",Adelaide Utd,25,1998,2026,21,1599,76,77.2,17.8,20,76,2,1,81,0
Shea Connors,USA,FW,Sydney FC,28,1996,2025,19,869,46,42,9.7,7,76,4,12,28,1
Libby Copus-Brown,AUS,"FW,MF",Newcastle Jets,26,1997,2026,21,1698,81,82,18.9,18,88,14,3,36,0
Alana Cortellino,AUS,"MF,FW",Western United,17,2006,2025,5,113,23,5.5,1.3,0,0,0,5,23,0
Rosie Curtis,AUS,DF,Melb Victory,19,2004,2025,10,517,52,25,5.7,5,85,4,5,19,7
Ruby Cuthbert,AUS,DF,Brisbane Roar,17,2007,2027,3,43,14,2.1,0.5,0,0,0,3,14,1
Sara D'Appolonia,USA,"MF,DF",Melb Victory,24,1999,2025,23,1730,75,83.6,19.2,19,86,16,4,22,0
Alyssa Dall'Oste,AUS,GK,Western United,23,2001,2025,8,720,90,34.8,8,8,90,8,0,0,14
Isobel Dalton,AUS,MF,Perth Glory,26,1997,2026,19,1530,81,73.9,17,18,84,15,1,19,1
Leah Davidson,AUS,MF,Melb City,23,2001,2027,20,1465,73,70.8,16.3,18,79,10,2,23,0
Cassidy Davis,AUS,"MF,DF",Newcastle Jets,29,1994,2026,23,2070,90,100,23,23,90,23,0,0,0
Chelsie Dawber,AUS,FW,Adelaide Utd,24,2000,2027,17,1253,74,60.5,13.9,15,81,8,2,17,0
Kiara De Domizio,AUS,"MF,FW",Western United,23,2001,2025,18,396,22,19.1,4.4,0,0,0,18,22,0
Deborah De La Harpe,IRL,"DF,FW",Brisbane Roar,24,2000,2025,23,1832,80,88.5,20.4,21,85,17,2,20,0
Isabel Dehakiz,COL,"DF,MF",Western United,24,2000,2025,23,1621,70,78.3,18,17,87,15,6,25,0
Sian Dewey,AUS,MF,Adelaide Utd,17,2007,2027,18,957,53,46.2,10.6,12,66,1,6,27,0
Caitlin Doeglas,AUS,"FW,MF",Perth Glory,27,1996,2025,7,476,68,23,5.3,7,68,0,0,0,0
Indiana Dos Santos,AUS,"FW,MF",Sydney FC,16,2007,2027,22,1763,80,85.2,19.6,22,80,12,0,0,0
Jynaya Dos Santos,AUS,"MF,FW",Canberra Utd,18,2005,2025,16,418,26,20.2,4.6,2,62,0,14,21,2
Casey Dumont,AUS,GK,Perth Glory,32,1992,2025,17,1530,90,73.9,17,17,90,17,0,0,0
Emma Dundas,AUS,MF,Newcastle Jets,17,2007,2026,21,1422,68,68.7,15.8,18,78,6,3,7,1
Brianna Edwards,NZL,GK,Sydney FC,21,2003,2025,9,765,85,37,8.5,8,90,8,1,45,5
Sara Eggesvik,PHI,MF,Western United,27,1997,2025,18,1436,80,69.4,16,17,82,9,1,35,0
Manaia Elliott,NZL,"MF,DF",Wellington Phoenix,19,2005,2026,23,1294,56,62.5,14.4,14,77,6,9,24,0
Shadeene Evans,AUS,"FW,MF",Central Coast Mariners,22,2001,2025,16,613,38,29.6,6.8,7,60,0,9,21,0
Millie Farrow,ENG,"FW,MF",Sydney FC,28,1996,2025,13,520,40,25.1,5.8,5,67,0,8,23,0
Aimee Feinberg-Danieli,NZL,GK,Wellington Phoenix,19,2005,2026,1,45,45,2.2,0.5,0,0,0,1,45,9
Kirsty Fenton,AUS,DF,Sydney FC,20,2003,2026,1,30,30,1.4,0.3,0,0,0,1,30,0
Olivia Fergusson,ENG,FW,Wellington Phoenix,29,1995,2025,22,1535,70,74.2,17.1,19,76,8,3,28,0
Gemma Ferris,AUS,DF,W Sydney,20,2004,2025,10,583,58,28.2,6.5,6,82,3,4,23,2
Nickoletta Flannery,AUS,"FW,MF",Melb Victory,25,1999,2026,23,1807,79,87.3,20.1,22,81,14,1,31,0
Isabella Foletta,AUS,"DF,MF",Perth Glory,24,2000,2025,14,507,36,24.5,5.6,4,77,1,10,20,1
Tahlia Franco,AUS,GK,Sydney FC,18,2005,2025,6,495,83,23.9,5.5,6,83,5,0,0,8
Laini Freier,AUS,"MF,FW",Brisbane Roar,23,2001,2025,17,1266,74,61.2,14.1,15,82,6,2,20,0
Sharn Freier,AUS,"FW,DF",Brisbane Roar,23,2001,2025,11,845,77,40.8,9.4,10,80,6,1,45,0
Tiana Fuller,AUS,"FW,MF",Central Coast Mariners,16,2008,2025,19,645,34,31.2,7.2,3,75,0,16,26,0
Holly Furphy,AUS,FW,Melb Victory,23,2002,2026,11,516,47,24.9,5.7,4,85,2,7,25,0
Bianca Galić,CRO,MF,Central Coast Mariners,25,1999,2025,20,1644,82,79.4,18.3,18,87,16,2,39,0
Ivana Galić,AUS,MF,Canberra Utd,26,1999,2025,1,1,1,0,0,0,0,0,1,1,0
Sheridan Gallagher,AUS,FW,Newcastle Jets,22,2002,2025,19,1045,55,50.5,11.6,14,68,1,5,18,0
Emma Gibbon,ENG,GK,Brisbane Roar,26,1999,2025,0,0,0,0,0,0,0,0,0,0,8
Emily Gielnik,AUS,FW,Melb Victory,32,1992,2025,19,1544,81,74.6,17.2,18,84,12,1,28,0
Beattie Goad,AUS,DF,Melb Victory,27,1997,2024,7,630,90,30.4,7,7,90,7,0,0,0
Isabel Gomez,AUS,MF,Central Coast Mariners,22,2002,2026,12,997,83,48.2,11.1,11,88,8,1,32,0
Lara Gooch,AUS,"FW,MF",Newcastle Jets,19,2005,2025,10,337,34,16.3,3.7,2,65,0,8,26,0
Bethany Gordon,AUS,MF,Canberra Utd,26,1998,2026,17,1303,77,62.9,14.5,15,83,10,2,32,0
Miley Grigg,AUS,"FW,MF",Adelaide Utd,17,2008,2025,6,78,13,3.8,0.9,0,0,0,6,13,0
Annalee Grove,AUS,GK,Adelaide Utd,23,2001,2026,0,0,0,0,0,0,0,0,0,0,17
Sasha Grove,AUS,DF,Western United,19,2004,2025,23,2070,90,100,23,23,90,23,0,0,0
Aimee Hall,AUS,GK,W Sydney,20,2005,2025,2,136,68,6.6,1.5,1,90,1,1,46,3
Milan Hammond,AUS,"FW,MF",Newcastle Jets,20,2004,2025,8,107,13,5.2,1.2,0,0,0,8,13,3
Ena Harada,JPN,MF,W Sydney,23,2001,2026,22,1651,75,79.8,18.3,19,82,13,3,28,0
Sophie Harding,AUS,"FW,MF",W Sydney,25,1999,2025,19,1153,61,55.7,12.8,12,81,7,7,26,0
Amy Harrison,AUS,DF,W Sydney,28,1996,2026,23,2034,88,98.3,22.6,23,88,20,0,0,0
Kathryn Harvey,CAN,"FW,MF",Melb City,27,1997,2025,15,659,44,31.8,7.3,9,62,0,6,17,0
Mackenzie Hawkesby,AUS,"MF,FW",Sydney FC,24,2000,2026,22,1676,76,81,18.6,18,86,13,4,32,1
Momo Hayashi,JPN,"MF,DF",Brisbane Roar,29,1995,2026,18,1415,79,68.4,15.7,17,82,9,1,25,1
Paige Hayward,AUS,DF,W Sydney,29,1995,2025,5,450,90,21.7,5,5,90,5,0,0,0
Erin Healy,IRL,"FW,MF",Adelaide Utd,23,2001,2026,19,1256,66,60.7,14,15,77,9,4,27,0
Mariel Hecher,BRA,"MF,FW",Brisbane Roar,31,1992,2025,19,747,39,36.1,8.3,6,84,4,13,19,0
Bryleeh Henry,AUS,"FW,MF",Melb City,21,2003,2026,19,1043,55,50.4,11.6,11,76,5,8,25,0
Michelle Heyman,AUS,FW,Canberra Utd,36,1988,2026,20,1582,79,76.4,17.6,18,86,13,2,22,0
Keiwa Hieda,JPN,"MF,FW",Western United,24,2000,2025,16,750,47,36.2,8.3,10,66,1,6,15,1
Sophie Hoban,AUS,"MF,FW",Newcastle Jets,23,2001,2026,22,1838,84,88.8,20.4,21,87,17,1,14,0
Emily Hodgson,AUS,"DF,MF",Adelaide Utd,24,2000,2028,23,1918,83,92.7,21.3,23,83,19,0,0,0
Isabel Hodgson,AUS,"FW,DF",Adelaide Utd,28,1996,2025,5,98,20,4.7,1.1,0,0,0,5,20,0
Gabby Hollar,USA,"FW,MF",Perth Glory,24,2000,2025,13,967,74,46.7,10.7,12,78,5,1,36,0
Shay Hollman,AUS,MF,Sydney FC,18,2005,2027,13,872,67,42.1,9.7,10,80,7,3,24,0
Dylan Holmes,AUS,"MF,FW",Adelaide Utd,27,1997,2025,10,659,66,31.8,7.3,7,83,5,3,26,0
Isabela Hoyos,AUS,DF,Brisbane Roar,16,2008,2028,11,662,60,32,7.4,7,89,6,4,11,3
Blake Hughes,USA,DF,Central Coast Mariners,18,2007,2025,5,96,19,4.6,1.1,0,0,0,5,19,0
Laura Hughes,AUS,MF,Melb City,23,2001,2026,23,2053,89,99.2,22.8,23,89,22,0,0,0
Sandra Ibargüen,COL,"FW,MF",Western United,22,2002,2025,10,200,20,9.7,2.2,0,0,0,10,20,0
Princess Ibini-Isei,AUS,"FW,MF",Sydney FC,24,2000,2025,23,1621,70,78.3,18,17,83,9,6,35,0
Olivia Ingham,NZL,"FW,MF",Wellington Phoenix,18,2005,2026,8,150,19,7.2,1.7,1,63,0,7,12,0
Ashley Irwin,AUS,DF,Central Coast Mariners,24,2000,2025,8,668,84,32.3,7.4,8,84,7,0,0,0
Tiana Jaber,LIB,DF,Wellington Phoenix,24,2000,2027,22,1786,81,86.3,19.8,22,81,12,0,0,0
Deven Jackson,NZL,"FW,MF",Newcastle Jets,26,1998,2025,18,1439,80,69.5,16,17,82,8,1,45,0
Grace Jale,NZL,"MF,FW",Wellington Phoenix,25,1999,2026,21,1671,80,80.7,18.6,18,89,16,3,24,0
Sally James,AUS,GK,Canberra Utd,21,2002,2026,23,2059,90,99.5,22.9,23,90,22,0,0,0
Alana Jancevski,AUS,"DF,FW",Melb Victory,21,2003,2026,22,1654,75,79.9,18.4,21,78,11,1,20,0
Claudia Jenkins,AUS,GK,Adelaide Utd,26,1998,2027,22,1980,90,95.7,22,22,90,22,0,0,1
Ela Jerez,NZL,"DF,FW",Wellington Phoenix,16,2007,2026,3,41,14,2,0.5,0,0,0,3,14,0
Kahli Johnson,AUS,FW,Western United,20,2004,2024,18,1557,87,75.2,17.3,18,87,10,0,0,0
Lucy Johnson,AUS,MF,Sydney FC,25,1999,2025,18,926,51,44.7,10.3,12,68,3,6,19,0
Grace Johnston,AUS,DF,Perth Glory,19,2005,2026,22,1844,84,89.1,20.5,22,84,17,0,0,0
Talia Kapetanellis,AUS,"MF,FW",W Sydney,19,2004,2025,16,222,14,10.7,2.5,0,0,0,16,14,0
Tiarna Karambasis,AUS,"MF,DF",Adelaide Utd,23,2000,2025,20,443,22,21.4,4.9,1,86,0,19,19,0
Caitlin Karic,AUS,"MF,DF",Melb City,19,2005,2025,2,2,1,0.1,0,0,0,0,2,1,0
Aideen Keane,AUS,"FW,MF",Canberra Utd,22,2002,2025,14,840,60,40.6,9.3,10,72,3,4,31,0
Alivia Kelly,USA,DF,Wellington Phoenix,23,2001,2025,19,1260,66,60.9,14,15,78,7,4,24,0
Sham Khamis,AUS,GK,W Sydney,29,1995,2026,21,1788,85,86.4,19.9,21,85,19,0,0,0
Taren King,AUS,DF,Central Coast Mariners,27,1996,2026,2,36,18,1.7,0.4,0,0,0,2,18,0
Amali Kinsella,AUS,MF,Brisbane Roar,17,2006,2027,1,63,63,3,0.7,1,63,0,0,0,2
Lara Kirkby,AUS,"FW,MF",Adelaide Utd,21,2002,2025,3,48,16,2.3,0.5,0,0,0,3,16,0
Greta Kraszula,AUS,"MF,DF",Central Coast Mariners,22,2002,2025,9,335,37,16.2,3.7,1,90,1,8,31,0
Zara Kruger,AUS,"MF,FW",Brisbane Roar,18,2006,2026,20,1060,53,51.2,11.8,10,86,7,10,20,3
Danielle Krzyzaniak,CAN,GK,Newcastle Jets,27,1996,2025,16,1338,84,64.6,14.9,16,84,14,0,0,1
Grace Kuilamu,AUS,"FW,MF",Brisbane Roar,17,2007,2026,18,867,48,41.9,9.6,11,65,1,7,22,1
Rebecca Lake,NZL,DF,Wellington Phoenix,25,1999,2025,2,171,86,8.3,1.9,2,86,1,0,0,0
Tanika Lala,AUS,FW,Perth Glory,20,2004,2026,5,195,39,9.4,2.2,2,61,0,3,24,0
Sarah Langman,AUS,GK,Central Coast Mariners,29,1995,2025,23,2070,90,100,23,23,90,23,0,0,0
Abbey Lemon,AUS,DF,Sydney FC,21,2002,2026,17,1180,69,57,13.1,12,87,10,5,26,4
Tamar Levin,AUS,"MF,FW",Brisbane Roar,19,2004,2025,10,504,50,24.3,5.6,7,63,0,3,21,3
Chloe Lincoln,AUS,GK,Western United,19,2005,2025,15,1350,90,65.2,15,15,90,15,0,0,7
Ella Lincoln,AUS,"FW,MF",Perth Glory,20,2004,2026,10,155,16,7.5,1.7,0,0,0,10,16,0
Maya Lobo,AUS,DF,W Sydney,18,2006,2025,4,163,41,7.9,1.8,2,70,0,2,12,1
Chloe Berryhill,AUS,"MF,FW",Western United,29,1994,2025,21,1758,84,84.9,19.5,21,84,14,0,0,0
Annalie Longo,NZL,"MF,FW",Wellington Phoenix,33,1991,2025,22,1952,89,94.3,21.7,22,89,19,0,0,0
Rachel Lowe,AUS,"FW,MF",Melb Victory,23,2000,2026,23,2004,87,96.8,22.3,23,87,13,0,0,0
Hana Lowry,AUS,MF,Sydney FC,21,2003,2026,4,311,78,15,3.5,4,78,2,0,0,0
Amber Luchtmeijer,AUS,"FW,MF",Sydney FC,17,2007,2027,11,284,26,13.7,3.2,1,90,1,10,19,4
Grace Maher,AUS,DF,Western United,25,1999,2025,23,2039,89,98.5,22.7,23,89,22,0,0,0
Emma Main,NZL,"FW,MF",Wellington Phoenix,24,1999,2027,22,1138,52,55,12.6,10,85,6,12,24,0
Coco Majstorovic,AUS,GK,Canberra Utd,24,1999,2026,1,11,11,0.5,0.1,0,0,0,1,11,22
Darcey Malone,AUS,MF,Canberra Utd,21,2003,2026,22,1625,74,78.5,18.1,19,80,9,3,32,1
Maja Markovski,AUS,"FW,MF",Canberra Utd,22,2001,2025,22,1518,69,73.3,16.9,17,81,8,5,27,1
Lucía Marte,DOM,"DF,MF",Adelaide Utd,26,1997,2025,23,1857,81,89.7,20.6,23,81,8,0,0,0
Annabel Martin,AUS,DF,Central Coast Mariners,25,1998,2025,23,2057,89,99.4,22.9,23,89,22,0,0,0
Bethany Mason-Jones,AUS,GK,Sydney FC,26,1997,2025,4,341,85,16.5,3.8,4,85,3,0,0,5
Danika Matos,AUS,DF,W Sydney,24,1999,2026,23,2070,90,100,23,23,90,23,0,0,0
Madison McComasky,AUS,DF,W Sydney,24,1999,2025,12,1010,84,48.8,11.2,12,84,10,0,0,0
Maya McCutcheon,USA,"MF,DF",Wellington Phoenix,22,2002,2025,23,2034,88,98.3,22.6,23,88,20,0,0,0
Leticia McKenna,AUS,"MF,FW",Melb City,21,2002,2027,23,1650,72,79.7,18.3,19,84,12,4,13,0
Tijan McKenna,AUS,"DF,MF",Perth Glory,19,2004,2026,20,1684,84,81.4,18.7,19,87,15,1,32,0
Alex McKenzie,AUS,"DF,MF",Canberra Utd,22,2002,2025,17,1047,62,50.6,11.6,10,88,8,7,24,1
Lily McMahon,AUS,"DF,MF",Central Coast Mariners,20,2004,2025,8,53,7,2.6,0.6,0,0,0,8,7,0
Shelby McMahon,AUS,"MF,FW",Melb City,16,2008,2027,17,387,23,18.7,4.3,1,84,0,16,19,0
Zoe McMeeken,NZL,"DF,MF",Wellington Phoenix,20,2004,2025,19,865,46,41.8,9.6,8,74,3,11,25,0
Ella McMillan,NZL,MF,Wellington Phoenix,19,2005,2026,2,15,8,0.7,0.2,0,0,0,2,8,0
Holly McNamara,AUS,FW,Melb City,21,2003,2026,17,865,51,41.8,9.6,9,68,0,8,32,0
Matilda McNamara,AUS,DF,Adelaide Utd,25,1998,2027,22,1929,88,93.2,21.4,22,88,19,0,0,0
Holly McQueen,AUS,DF,Brisbane Roar,22,2002,2025,22,1913,87,92.4,21.3,21,90,19,1,25,0
Aimee Medwin,AUS,"FW,DF",Western United,25,1999,2025,22,1387,63,67,15.4,18,71,4,4,27,1
Ilona Melegh,AUS,GK,Adelaide Utd,16,2008,2027,1,90,90,4.3,1,1,90,1,0,0,5
Kiera Meyers,AUS,MF,Melb City,17,2007,2025,3,23,8,1.1,0.3,0,0,0,3,8,0
Abby Middleton,AUS,"FW,MF",Adelaide Utd,19,2004,2025,2,29,15,1.4,0.3,0,0,0,2,15,0
Malena Mieres,ESP,GK,Melb City,24,2000,2026,22,1955,89,94.4,21.7,22,89,20,0,0,1
Claudia Mihocic,AUS,DF,Western United,21,2003,2025,13,921,71,44.5,10.2,10,86,9,3,19,1
Tianah Miro,AUS,FW,Canberra Utd,20,2003,2025,2,14,7,0.7,0.2,0,0,0,2,7,0
Sarah Morgan,AUS,"MF,FW",Adelaide Utd,23,2001,2026,23,1732,75,83.7,19.2,19,85,12,4,29,0
Tanaye Morris,AUS,FW,Brisbane Roar,20,2004,2025,10,189,19,9.1,2.1,0,0,0,10,19,0
Kayla Morrison,USA,DF,Melb Victory,27,1996,2027,23,2070,90,100,23,23,90,23,0,0,0
Teresa Morrissey,AUS,GK,Central Coast Mariners,24,2000,2025,0,0,0,0,0,0,0,0,0,0,2
Meleri Mullan,AUS,"FW,MF",Adelaide Utd,24,2000,2025,10,230,23,11.1,2.6,1,55,0,9,19,0
Alana Murphy,AUS,MF,Melb Victory,18,2005,2025,21,1724,82,83.3,19.2,20,85,15,1,18,0
Emilia Makris,AUS,"MF,DF",Melb City,19,2004,2026,4,76,19,3.7,0.8,0,0,0,4,19,2
Holly Murray,AUS,"DF,MF",Canberra Utd,20,2004,2025,19,617,32,29.8,6.9,6,59,1,13,20,2
Jessika Nash,AUS,DF,Central Coast Mariners,19,2004,2025,23,2070,90,100,23,23,90,23,0,0,0
Ruby Nathan,NZL,"FW,MF",Canberra Utd,18,2005,2025,13,414,32,20,4.6,3,66,1,10,22,1
Brooke Neary,NZL,GK,Wellington Phoenix,16,2007,2025,1,6,6,0.3,0.1,0,0,0,1,6,12
Courtney Newbon,AUS,GK,Melb Victory,23,2000,2026,23,2070,90,100,23,23,90,23,0,0,0
Brooke Nunn,ENG,"MF,FW",Central Coast Mariners,31,1993,2025,23,1720,75,83.1,19.1,21,78,8,2,39,0
Sarah O'Donoghue,AUS,"FW,MF",Perth Glory,19,2005,2026,15,969,65,46.8,10.8,11,75,2,4,35,0
Ella O'Grady,AUS,"FW,MF",Melb Victory,18,2005,2026,16,383,24,18.5,4.3,1,66,0,15,21,7
Taylor Otto,USA,DF,Melb City,26,1997,2026,23,2066,90,99.8,23,23,90,22,0,0,0
Hollie Palmer,AUS,MF,Perth Glory,23,2001,2024,3,240,80,11.6,2.7,3,80,0,0,0,0
Chrissy Panagaris,AUS,"MF,FW",Adelaide Utd,24,1999,2025,8,70,9,3.4,0.8,0,0,0,8,9,0
Jade Pennock,ENG,"FW,MF",Central Coast Mariners,31,1993,2025,23,1982,86,95.7,22,23,86,14,0,0,0
Susan Phonsongkham,AUS,"FW,MF",Perth Glory,23,2001,2026,6,277,46,13.4,3.1,2,84,1,4,27,0
Natalie Picak,AUS,GK,Western United,19,2005,2025,0,0,0,0,0,0,0,0,0,0,2
Laura Pickett,AUS,DF,Melb Victory,20,2003,2026,17,1039,61,50.2,11.5,11,84,8,6,19,5
Rhianna Pollicina,AUS,"FW,MF",Melb City,27,1997,2025,22,976,44,47.1,10.8,11,71,2,11,18,0
Evdokiya Popadinova,BUL,FW,Brisbane Roar,27,1996,2025,18,1062,59,51.3,11.8,13,70,2,5,31,0
Avaani Prakash,AUS,"MF,FW",Western United,17,2006,2025,10,164,16,7.9,1.8,1,71,0,9,10,2
Olivia Price,AUS,MF,W Sydney,28,1996,2026,22,1302,59,62.9,14.5,16,76,7,6,15,0
Emily Pringle,USA,"DF,FW",Brisbane Roar,22,2001,2025,23,1456,63,70.3,16.2,14,86,12,9,28,0
Natasha Prior,AUS,DF,Newcastle Jets,26,1998,2026,16,1277,80,61.7,14.2,16,80,11,0,0,0
Leia Puxty,AUS,"DF,MF",Central Coast Mariners,20,2003,2025,14,343,25,16.6,3.8,3,85,1,11,8,1
Tess Quilligan,AUS,MF,Central Coast Mariners,19,2005,2026,19,892,47,43.1,9.9,10,75,4,9,16,2
Annalise Rasmussen,AUS,"FW,MF",Central Coast Mariners,19,2005,2026,23,1429,62,69,15.9,18,72,4,5,28,0
Taylor Ray,AUS,"MF,DF",Central Coast Mariners,23,2001,2025,23,2070,90,100,23,23,90,23,0,0,0
Keeley Richards,AUS,GK,Brisbane Roar,29,1994,2025,7,607,87,29.3,6.7,6,90,6,1,67,14
Brianne Riley,USA,DF,Central Coast Mariners,23,2000,2024,5,435,87,21,4.8,5,87,3,0,0,0
Emily Roach,AUS,MF,Western United,21,2003,2025,11,474,43,22.9,5.3,6,63,0,5,20,1
Emma Robers,AUS,"MF,DF",Canberra Utd,26,1998,2026,22,1898,86,91.7,21.1,22,86,17,0,0,0
Morgan Roberts,AUS,FW,Perth Glory,28,1995,2025,7,142,20,6.9,1.6,0,0,0,7,20,0
Tiahna Robertson,AUS,GK,Newcastle Jets,21,2003,2025,9,730,81,35.3,8.1,7,90,7,2,50,14
Karly Roestbakken,AUS,DF,Melb City,23,2001,2026,22,1509,69,72.9,16.8,16,86,13,6,22,1
Isabel Rolley,USA,"FW,DF",Newcastle Jets,23,2000,2025,5,42,8,2,0.5,0,0,0,5,8,0
Sarah Rowe,IRL,DF,Central Coast Mariners,29,1995,2025,16,1211,76,58.5,13.5,15,80,6,1,13,0
Cushla Rue,AUS,"FW,DF",W Sydney,21,2003,2026,23,1774,77,85.7,19.7,21,81,10,2,37,0
Sofia Sakalis,AUS,"FW,MF",Melb Victory,22,2002,2026,7,200,29,9.7,2.2,1,62,0,6,23,7
Julia Sardo,AUS,DF,Western United,29,1995,2025,19,1446,76,69.9,16.1,16,89,14,3,9,3
Nanako Sasaki,JPN,MF,Adelaide Utd,25,1999,2025,14,641,46,31,7.1,9,60,0,5,20,0
Sienna Saveska,AUS,"MF,FW",W Sydney,17,2006,2025,22,1544,70,74.6,17.2,19,77,5,3,30,0
Jessica Seaman,AUS,DF,Central Coast Mariners,34,1990,2025,5,231,46,11.2,2.6,4,57,0,1,5,0
Keely Segavcic,AUS,GK,W Sydney,22,2002,2025,2,144,72,7,1.6,1,90,1,1,54,18
Olivia Sekany,USA,GK,Brisbane Roar,25,1998,2024,17,1463,86,70.7,16.3,17,86,16,0,0,0
Lillian Skelly,AUS,"DF,FW",Canberra Utd,16,2007,2025,4,124,31,6,1.4,1,45,0,3,26,0
Jessica Skinner,AUS,GK,Perth Glory,17,2007,2026,0,0,0,0,0,0,0,0,0,0,6
Mariana Speckmaier,VEN,"MF,FW",Melb City,26,1997,2025,21,1661,79,80.2,18.5,20,81,11,1,35,0
Anika Stajcic,AUS,DF,W Sydney,18,2006,2026,1,14,14,0.7,0.2,0,0,0,1,14,0
Mary Stanic-Floody,AUS,"MF,FW",Canberra Utd,18,2006,2026,22,1298,59,62.7,14.4,17,69,2,5,24,1
Rebekah Stott,NZL,DF,Melb City,31,1993,2027,20,1740,87,84.1,19.3,20,87,17,0,0,1
Rubi Sullivan,AUS,DF,Sydney FC,15,2009,2026,3,97,32,4.7,1.1,1,90,1,2,4,1
Miku Sunaga,JPN,"FW,MF",Perth Glory,29,1995,2025,15,713,48,34.4,7.9,7,72,2,8,26,0
Caley Tallon-Henniker,AUS,"FW,MF",Sydney FC,18,2006,2027,19,917,48,44.3,10.2,11,71,2,8,17,0
Danelle Tan,SIN,"DF,FW",Brisbane Roar,19,2004,2025,3,48,16,2.3,0.5,0,0,0,3,16,1
Mebae Tanaka,JPN,"MF,FW",Wellington Phoenix,28,1995,2025,19,632,33,30.5,7,7,58,0,12,19,1
Adriana Taranto,AUS,"FW,MF",Western United,25,1999,2025,15,1005,67,48.6,11.2,13,75,5,2,16,0
Melissa Taranto,AUS,MF,Western United,25,1999,2025,19,1273,67,61.5,14.1,14,82,8,5,25,0
Natalie Tathem,AUS,"MF,DF",Perth Glory,28,1995,2026,21,1755,84,84.8,19.5,20,86,17,1,45,0
Hayley Taylor-Young,AUS,"DF,MF",Canberra Utd,22,2002,2026,23,2024,88,97.8,22.5,23,88,21,0,0,0
Sienna Techera,AUS,FW,Melb Victory,17,2006,2025,0,0,0,0,0,0,0,0,0,0,1
Miranda Templeman,AUS,GK,Perth Glory,21,2003,2025,6,540,90,26.1,6,6,90,6,0,0,17
Naomi Thomas-Chinnama,AUS,DF,Perth Glory,20,2004,2026,23,2008,87,97,22.3,23,87,21,0,0,0
Jordan Thompson,USA,DF,Sydney FC,25,1998,2025,23,2070,90,100,23,23,90,23,0,0,0
Natalie Tobin,AUS,DF,Sydney FC,27,1996,2026,23,2070,90,100,23,23,90,23,0,0,0
Zoe Tolland,AUS,DF,Adelaide Utd,21,2002,2026,23,2037,89,98.4,22.6,23,89,21,0,0,0
Ella Tonkin,AUS,DF,Adelaide Utd,21,2002,2026,23,2070,90,100,23,23,90,23,0,0,0
Bronte Trew,AUS,"FW,MF",W Sydney,22,2002,2025,19,789,42,38.1,8.8,7,78,1,12,20,1
Peta Trimis,AUS,"FW,MF",Central Coast Mariners,18,2006,2026,23,1143,50,55.2,12.7,14,68,1,9,21,0
Tori Tumeth,AUS,DF,Sydney FC,23,2001,2026,23,1986,86,95.9,22.1,22,90,22,1,6,0
Claudia Valleta,AUS,"FW,DF",Perth Glory,20,2003,2025,4,154,39,7.4,1.7,2,52,0,2,26,0
Leia Varley,AUS,DF,Brisbane Roar,22,2002,2027,18,1315,73,63.5,14.6,17,76,9,1,19,0
Giavanna Vicari,USA,"FW,MF",Newcastle Jets,23,2001,2025,4,89,22,4.3,1,0,0,0,4,22,1
Carolina Vilão,POR,GK,Wellington Phoenix,23,2000,2025,23,2019,88,97.5,22.4,23,88,21,0,0,0
Tyla-Jay Vlajnic,SRB,"DF,MF",Melb City,33,1990,2025,20,815,41,39.4,9.1,8,74,3,12,18,0
Charli Wainwright,AUS,MF,Perth Glory,20,2004,2026,18,866,48,41.8,9.6,9,64,1,9,32,0
Chloe Walandouw,AUS,"DF,FW",Newcastle Jets,18,2005,2025,5,220,44,10.6,2.4,3,67,0,2,10,2
Lara Wall,NZL,DF,Wellington Phoenix,24,2000,2026,23,1902,83,91.9,21.1,20,90,19,3,35,0
Alyssa Whinham,NZL,"MF,FW",Wellington Phoenix,20,2003,2026,22,1411,64,68.2,15.7,17,74,4,5,30,0
Ellie Wilson,ENG,DF,Melb Victory,27,1997,2025,13,897,69,43.3,10,11,77,4,2,28,1
Josephine Wilson,AUS,DF,Newcastle Jets,25,1999,2026,21,1563,74,75.5,17.4,17,86,12,4,27,1
Alicia Woods,AUS,MF,Brisbane Roar,20,2004,2026,23,1891,82,91.4,21,21,89,19,2,16,0
Fiona Worts,ENG,FW,Adelaide Utd,28,1996,2027,18,1323,74,63.9,14.7,15,83,9,3,26,0
Megan Wynne,WAL,FW,Perth Glory,31,1993,2025,20,1523,76,73.6,16.9,19,78,9,1,32,0
Tameka Yallop,AUS,"MF,FW",Brisbane Roar,33,1991,2026,19,1689,89,81.6,18.8,19,89,16,0,0,0
Jessica Young,AUS,"MF,FW",Melb Victory,20,2004,2025,3,32,11,1.5,0.4,0,0,0,3,11,3
Talia Younis,AUS,"MF,FW",W Sydney,15,2008,2026,22,1487,68,71.8,16.5,16,82,9,6,29,0
Catherine Zimmerman,USA,"FW,MF",Western United,30,1994,2025,16,1287,80,62.2,14.3,15,83,8,1,45,0
Salome Zogg,NGA,DF,Perth Glory,27,1997,2026,22,1856,84,89.7,20.6,20,88,19,2,45,0
Paige Zois,AUS,MF,Melb Victory,20,2003,2025,1,7,7,0.3,0.1,0,0,0,1,7,0
